Price,Close,High,Low,Open,Volume
Ticker,JPM,JPM,JPM,JPM,JPM
Date,,,,,
2021-01-04,111.6209487915039,113.3856698910516,110.65433820629697,113.06642297903028,16819900
2021-01-05,112.22832489013672,112.80889458006544,110.54913829068515,111.6388214717493,13731200
2021-01-06,117.49808502197266,118.58776806136176,114.22010217650814,116.00647284189485,24909100
2021-01-07,121.35663604736328,123.42882486454546,120.50811585867484,121.19586982648327,21940400
2021-01-08,121.49063873291016,121.78539047514327,119.79358448631444,121.44597690004855,12035100
2021-01-11,123.30377197265625,123.43774381474644,119.78463287908649,120.20442948946919,15937900
2021-01-12,125.24198150634766,126.52816577082953,124.00045906777503,124.54530063456593,18033500
2021-01-13,125.35812377929688,125.75111248824747,123.34846388448085,123.78611442798082,14816800
2021-01-14,126.09050750732422,127.50173677221213,125.04548615138141,125.48315025930675,18565600
2021-01-15,123.83076477050781,126.51923796278591,122.37487359835735,122.75000844177681,27881000
2021-01-19,123.29485321044922,125.67072090829254,123.09836568363275,124.92045120230333,19843800
2021-01-20,121.44596099853516,123.41095872725795,120.97257561571618,123.09835319591348,16028800
2021-01-21,120.427734375,121.61566810676108,119.97221644747744,121.19587146362461,13411700
2021-01-22,119.49883270263672,120.04367435405238,118.07867636872433,118.51634052441163,12933200
2021-01-25,118.00723266601562,118.94507673964662,116.16727944036815,118.02510012682288,14212800
2021-01-26,117.52488708496094,118.94504316852769,117.31051850241529,118.56990837072944,11307800
2021-01-27,114.2022476196289,115.97968465239819,113.74672290532965,115.74744861692439,17603900
2021-01-28,116.21192932128906,118.0518823576299,115.2115696810753,116.02435507431002,13761800
2021-01-29,114.92572784423828,117.64993570651068,114.49700429457971,117.1765503304786,14808100
2021-02-01,115.77424621582031,116.17618901800803,114.75601928328787,115.57774508595654,11080700
2021-02-02,119.33805847167969,120.03473940504058,117.20335384174014,117.84644603082357,12253600
2021-02-03,120.70462036132812,121.2583888649835,119.2487292746358,119.37377421510239,10600800
2021-02-04,123.48241424560547,123.84862214467819,120.99936932070554,120.99936932070554,12419500
2021-02-05,123.2412338256836,124.58994720709237,122.70533286700964,124.50062356620965,10051300
2021-02-08,125.1705551147461,125.31346754013391,123.41991197594281,123.43777943633604,10136400
2021-02-09,124.67034912109375,125.02761648079313,123.74143217967354,124.53636363954938,8614800
2021-02-10,124.7417984008789,125.82254096280317,124.18801630651753,125.04547700266957,10323200
2021-02-11,124.39347839355469,125.53675042350842,123.45563443631264,124.74181887723,9201000
2021-02-12,126.16194915771484,126.4834952016081,124.1522897906008,124.19695161342275,8324600
2021-02-16,129.19876098632812,129.7972048740578,127.18910163973135,128.21626903865007,12130600
2021-02-17,129.60072326660156,129.8508131548456,127.83221296260562,128.57355571307076,10810100
2021-02-18,130.03836059570312,130.21699426510168,128.08228988793198,128.61820452500297,10587800
2021-02-19,132.2088165283203,132.9412187537217,130.27953994663164,130.27953994663164,11969800
2021-02-22,133.45033264160156,134.14701354653357,131.11018641558826,131.181642614668,11488400
2021-02-23,134.5221405029297,136.04054716516478,133.61109105403838,135.3259988450319,16234400
2021-02-24,136.8890838623047,137.33567491270497,134.07556569633368,134.07556569633368,15061400
2021-02-25,135.03125,138.3538881741553,134.50427588397628,137.7911927743655,18127700
2021-02-26,131.44960021972656,134.75437106780606,130.86009679778428,134.24526438803878,19829200
2021-03-01,134.4238739013672,135.20987832262816,132.61964267477907,133.54855946879184,14845500
2021-03-02,133.9862060546875,135.5671417646533,133.83436677379086,134.04873532681333,14221700
2021-03-03,136.57644653320312,138.4253259647479,134.7096996477131,135.07589386590857,14324100
2021-03-04,134.47750854492188,137.88947105763626,132.7447329131353,136.3085347629091,20093900
2021-03-05,134.7901153564453,137.0945268334097,132.1641577750469,136.8533638478648,18465100
2021-03-08,136.57644653320312,138.8540630861887,134.64717037334188,136.18344431965278,17133300
2021-03-09,135.61183166503906,137.77333058066108,133.81654065916794,135.31707995442562,16238800
2021-03-10,138.55931091308594,139.47928716918483,135.3259832046749,135.68326413788628,14342200
2021-03-11,137.83583068847656,139.470341493074,136.9783701092116,137.64825650183707,11771500
2021-03-12,139.47035217285156,140.79227123497918,138.50572768701463,140.1045173364685,12849500
2021-03-15,138.77369689941406,140.15813186406453,137.51432051102915,139.64902516001044,12101100
2021-03-16,137.1123809814453,138.0859598405826,135.93338768169883,137.63042824139728,12805600
2021-03-17,138.5236053466797,140.12240890009343,136.70151990241627,138.74690086640632,13952400
2021-03-18,140.81011962890625,144.418582099801,140.3278074045931,140.76547143746683,21898500
2021-03-19,138.5682373046875,139.28278553955005,135.04017157934152,138.8987102414009,54418800
2021-03-22,134.84368896484375,137.52323499136293,134.5221428965064,136.47821367648555,19944800
2021-03-23,133.4949951171875,135.87084901095074,133.0484040924301,134.27205913902492,17076300
2021-03-24,134.5310821533203,136.8176261251185,133.85226867071682,133.97731361827212,13079800
2021-03-25,136.25491333007812,136.63004812498875,133.37886627355468,133.97729656273654,15608300
2021-03-26,138.5236053466797,138.84515144024112,136.25492886296303,137.8179975010494,16754400
2021-03-29,136.3710174560547,137.30886125595742,134.90619956161984,135.87083773047334,17570300
2021-03-30,137.97877502441406,139.22029767053482,137.4428739105427,137.96092119416633,13184300
2021-03-31,135.9691162109375,137.98771661220212,135.8708656283195,136.90696020340417,16736700
2021-04-01,137.29103088378906,137.36247346061265,135.36175421648798,135.67435978394363,16561500
2021-04-05,138.01876831054688,139.20471929896212,137.1023665931149,138.7195525458293,13508000
2021-04-06,137.0484161376953,138.6117110597143,136.43748180373186,137.27302676797217,13071600
2021-04-07,139.19573974609375,139.46527533435716,137.14729120993093,137.55160144690083,16903500
2021-04-08,139.36639404296875,139.71678606414693,136.84177285074333,138.3601428455636,12335500
2021-04-09,140.40858459472656,141.09139591951612,139.23162718199677,139.9863155476816,12122400
2021-04-12,140.1121368408203,141.28011509696498,139.7707379357794,139.77971742751942,12273400
2021-04-13,138.44100952148438,139.43828130238288,136.9495915952496,139.0339848958879,16113600
2021-04-14,135.85353088378906,138.20744644337066,135.6019543076238,136.0871210576913,19939600
2021-04-15,136.71600341796875,136.74295559817665,134.15545033419843,135.88943790358655,17694100
2021-04-16,137.7312469482422,138.81835476681385,137.18319643923766,138.24335207778827,13773400
2021-04-19,137.1472625732422,138.25235688346083,136.76093882107793,137.8390672398662,11900200
2021-04-20,134.1105194091797,136.3386530303574,133.55347572202655,136.3296735404087,13716700
2021-04-21,135.2515106201172,135.31440816746237,131.88235167601246,132.78079406110706,12236700
2021-04-22,132.40347290039062,135.0359166746767,132.30464367249976,134.97301911640741,15256100
2021-04-23,134.93711853027344,135.7816569069491,131.7925689119311,132.2327970846441,14041900
2021-04-26,135.26953125,136.97658061219545,135.1078181437555,135.4671897415084,10799100
2021-04-27,135.88941955566406,136.17692771792287,134.8651957186185,135.21558772315663,12821200
2021-04-28,136.76992797851562,137.36290344895983,136.02421889462022,136.94961377615542,8943700
2021-04-29,139.42930603027344,139.5101625721895,137.64140036274787,137.94686754941682,12976900
2021-04-30,138.18943786621094,138.80038589114045,137.4706811288828,138.44999386670034,11705100
2021-05-03,137.78514099121094,139.68983468552383,137.57850305680677,139.12382523831724,11801100
2021-05-04,139.68983459472656,139.83358868341188,136.68903996642896,137.34489914598208,12977700
2021-05-05,141.522705078125,142.20551662925917,138.92620609257563,140.15706826670836,10506700
2021-05-06,144.37074279785156,144.4875447221395,141.19924153392924,142.01682758565266,13542400
2021-05-07,144.8648681640625,145.09845826994825,141.0734398605249,141.25312561190964,14257800
2021-05-10,144.846923828125,147.10200992406772,144.75707408027364,145.0984866711327,14014300
2021-05-11,142.4390411376953,145.89804959601727,141.98981997215438,144.72109233576276,15451700
2021-05-12,141.4597625732422,144.45157760988718,141.08241838517128,143.4004015768731,14381700
2021-05-13,145.09844970703125,145.9519672575969,141.66639310880433,142.11561431532766,15395000
2021-05-14,147.3535614013672,147.74887832678667,145.53871727524427,145.89808882063704,10584000
2021-05-17,147.94656372070312,148.10829054197154,146.47311818174342,146.77858542184705,9886800
2021-05-18,145.8621368408203,148.69222506689525,145.7633076232258,147.95549567952824,11098100
2021-05-19,144.74807739257812,144.81096124128584,142.528923233931,144.6492481653416,13278900
2021-05-20,144.4965057373047,145.42190039518965,143.31954828169242,144.4965057373047,10426000
2021-05-21,146.14065551757812,146.64378110751193,144.59533337184192,144.95470487632488,10249000
2021-05-24,146.9312744140625,147.55120190719413,145.6554877612911,146.76956135105985,9440300
2021-05-25,145.41293334960938,148.87192896894084,145.15237733093014,147.20981846380093,12609100
2021-05-26,145.3949432373047,147.11097160592172,144.92774932503775,146.95823803461488,13058300
2021-05-27,147.6590576171875,148.0184291998713,146.05983076869458,147.2996723253566,15707500
2021-05-28,147.56019592285156,148.18910290880703,146.6797124333698,147.95549909320636,10291300
2021-06-01,149.1864013671875,149.95906257690723,148.67428248799285,149.02467456512466,9445400
2021-06-02,149.1953582763672,150.43521330431693,148.71918485154623,150.27348652673265,10498600
2021-06-03,149.294189453125,150.26450900389776,147.93754620548205,148.61137808442328,13354400
2021-06-04,149.5367889404297,149.74342690042562,148.26998158082088,149.33015098043376,8510800
2021-06-07,148.83602905273438,150.12978880443822,148.36883498480836,150.0399390459011,7267200
2021-06-08,148.2429962158203,148.9258075055229,146.58986548760794,147.78479552644475,10370700
2021-06-09,146.39222717285156,147.54223250777343,145.79925181633544,147.4703554606977,12377400
2021-06-10,144.1101837158203,148.45865620288504,144.0293271741702,147.66802234902858,12119400
2021-06-11,144.01138305664062,144.82896925326014,142.90630230739848,144.13716449387834,13683800
2021-06-14,141.56759643554688,144.04729289011462,140.7500104407243,143.88556610549873,19917900
2021-06-15,139.42031860351562,140.98361369101863,138.47696482380925,140.7859552187201,24485500
2021-06-16,140.3996124267578,141.6125015686101,137.56053085449554,139.0160033083761,25321200
2021-06-17,136.3476104736328,141.46874300019098,135.88940979572868,141.145303195452,29722400
2021-06-18,132.89761352539062,134.49684008552404,132.57417367563642,134.13746856763922,43595700
2021-06-21,135.15272521972656,135.84452991906085,133.8859314650551,133.93983583217127,18664800
2021-06-22,134.955078125,135.63788961198694,133.56248925878398,135.305470214383,14251200
2021-06-23,135.77264404296875,136.59920960641742,134.8472492431759,134.9460784795201,12733300
2021-06-24,137.02145385742188,137.5695043032603,135.86246912265875,136.49137609924122,13733200
2021-06-25,138.4050750732422,138.80937147162177,136.26677745587912,137.09334294187485,15484900
2021-06-28,138.6566619873047,138.79142290714034,136.67109761045845,138.09063870569992,14125800
2021-06-29,138.48594665527344,140.4355655203088,138.00977315736438,139.2586078666413,14528700
2021-06-30,139.74374389648438,140.22891053568213,138.09960614460567,138.13553781347645,12531000
2021-07-01,141.1273651123047,141.1812694747875,139.6359471075975,140.39063560064952,10479400
2021-07-02,140.9918212890625,141.25387879888638,140.16952381611307,140.91953003766784,11424000
2021-07-06,138.6243438720703,140.76591880367482,137.66650890330453,140.76591880367482,15083400
2021-07-07,138.7869415283203,139.41044130547488,136.94356347199286,137.3592207980013,12271800
2021-07-08,136.39239501953125,137.8291474051778,135.57912880618994,136.99781872062485,17834600
2021-07-09,140.75689697265625,141.10026321065027,137.87434684957762,138.29904936986398,13694500
2021-07-12,142.77195739746094,143.8201598875089,139.10326247043977,139.47374997284157,19940400
2021-07-13,140.64845275878906,142.22075658148037,138.7056752011974,141.00990904523115,22671700
2021-07-14,140.1695098876953,142.1213321169622,138.2086564234564,140.9195160347232,14622800
2021-07-15,140.4767608642578,141.44362702282342,138.8863809576139,139.06710218660183,11539300
2021-07-16,137.26890563964844,141.2177202859913,136.46468446071452,140.92856908083036,14002700
2021-07-19,132.8050079345703,135.38032997340315,131.66645190893226,134.23272892502436,22172900
2021-07-20,135.28094482421875,136.55503843745947,132.22670507035068,132.39839506193204,15385200
2021-07-21,138.12733459472656,138.84118822893794,136.77190478271032,137.395404702341,12356700
2021-07-22,136.3833465576172,138.651441358785,135.5158791643634,138.14541641469606,9913300
2021-07-23,136.12130737304688,138.10926848579777,135.7688961475508,136.8803448144006,9666100
2021-07-26,137.0339813232422,137.3141151335752,135.69662744886944,135.71470371137605,8208000
2021-07-27,136.85324096679688,137.79301345193176,135.36227353953115,135.90443724574303,11218700
2021-07-28,137.07911682128906,138.04599659681247,136.33815577718357,137.61224917826223,9217300
2021-07-29,138.25384521484375,139.03999011856473,137.26890282933084,138.38035144978903,9063500
2021-07-30,137.15142822265625,138.85926929338362,136.62732702262542,137.8743269050486,9805200
2021-08-02,136.60023498535156,139.56410750920307,136.5098812574196,137.37734874393135,10203200
2021-08-03,138.15444946289062,138.54301319957972,135.109254734875,137.30504452924757,10394800
2021-08-04,136.66348266601562,138.5881837337809,136.36528643565293,136.67251390154934,10155000
2021-08-05,138.389404296875,138.87736684225695,137.35927799769354,137.6032592703845,9151500
2021-08-06,142.3201446533203,142.6093096607675,140.1604934859799,140.2327847378417,13328800
2021-08-09,142.16653442382812,143.2689519126835,140.8743506706318,142.3382244277207,9516900
2021-08-10,143.91053771972656,144.56114531990326,141.2448610794146,141.63342490725717,8667000
2021-08-11,145.62741088867188,145.9346383971947,143.7478795259445,144.5792083192022,9156500
2021-08-12,146.19664001464844,146.7207411483482,145.0761602974882,146.27797627488087,8844200
2021-08-13,144.5610809326172,146.53097911913724,144.19060732131166,146.19663044220295,8980900
2021-08-16,143.61231994628906,143.70268746152558,141.66954246202675,143.62136497070088,8755800
2021-08-17,141.87738037109375,143.54908299398573,140.30509029427535,142.3834191857187,9347200
2021-08-18,140.585205078125,142.78099511953414,140.36833130849368,141.24484383538427,8065500
2021-08-19,139.41046142578125,140.5670936649446,138.2628604208722,138.39841166354933,9517700
2021-08-20,139.80807495117188,139.97071991825916,138.3984300838324,139.4737399933953,6974100
2021-08-23,141.59722900390625,141.94964019703266,140.27795173246682,140.3592742105395,7934600
2021-08-24,142.47372436523438,143.26891415764842,141.75082580741642,141.868300787153,7670900
2021-08-25,145.41050720214844,146.18762083854114,142.59121763204692,143.23278001563403,11335000
2021-08-26,146.1605224609375,148.0400535542708,145.61834499219194,146.62136365766918,11027500
2021-08-27,147.3352508544922,147.4346496108059,145.71776325521853,146.16054204027927,8780200
2021-08-30,144.97679138183594,147.73283507056712,144.47076640058953,147.47982257994394,7937600
2021-08-31,144.5340118408203,145.81715054716676,143.9918481302192,144.97679059106912,12340800
2021-09-01,144.32618713378906,145.26594586459998,143.648472135523,144.7779971326331,8729900
2021-09-02,144.994873046875,146.03403054437388,144.06413175035317,144.59727803589024,8813300
2021-09-03,144.11837768554688,145.38344033638268,143.81113636621637,144.9316302770629,7959700
2021-09-07,143.86532592773438,145.82617939593985,143.63942095967184,144.5701483250379,9285600
2021-09-08,143.22373962402344,144.19965067162246,142.80806844539745,143.5761507977555,7852700
2021-09-09,143.84727478027344,145.32921107793177,142.8442559954582,143.01594600725997,7904300
2021-09-10,142.19363403320312,145.2297975772203,142.06712779337516,145.08521507794663,8311600
2021-09-13,144.45269775390625,144.62438776476682,142.83522397587524,143.25088146602965,10052800
2021-09-14,141.93157958984375,145.79002650702475,141.19963591315027,144.98580537430362,11685600
2021-09-15,142.91653442382812,143.3954518936822,141.38941450411954,141.61531949133925,11691500
2021-09-16,142.85325622558594,145.3472557914487,142.06711138233499,144.0460410245889,10880900
2021-09-17,142.48277282714844,143.68458889485657,141.8683179410001,142.21169789981525,25581600
2021-09-20,138.21771240234375,139.66349603673183,135.98577004243518,139.05807233013763,15819900
2021-09-21,138.23577880859375,139.65446877630112,137.87433633674482,138.73277254849592,8999900
2021-09-22,140.88339233398438,142.09423978035016,140.15146236697439,140.24181609076717,11236200
2021-09-23,145.64544677734375,146.12437800257695,142.4737459375102,142.77194215481603,12336100
2021-09-24,147.32618713378906,147.82318085228866,145.32016357682443,145.88040352050805,10102400
2021-09-27,150.88644409179688,151.26596278780062,148.74486938286685,149.0972805854521,13220900
2021-09-28,150.07321166992188,152.98286918102644,149.69369292344916,151.53707166176625,13387900
2021-09-29,149.95570373535156,150.81413979163258,149.13340640445185,150.19065370883376,7777100
2021-09-30,147.91357421875,150.89552326290746,147.10030786771708,150.8322632385184,13161200
2021-10-01,151.02200317382812,152.0792368363756,147.83222592692152,148.19366838332985,11285000
2021-10-04,150.8593292236328,154.01296742255263,149.75691191802275,150.87740548107652,14120000
2021-10-05,153.32289123535156,154.6683034198364,151.51384706861833,152.00474988850138,12292900
2021-10-06,153.65016174316406,153.72288860371654,150.90478171003699,152.7138259543002,8692600
2021-10-07,154.62286376953125,155.9137344154077,154.12287524124747,155.63192648252897,10195400
2021-10-08,154.7410430908203,155.75919143676887,153.904704967901,154.55923286779105,8190100
2021-10-11,151.48658752441406,155.71373412767747,151.32296248640782,155.2683011656178,12154700
2021-10-12,150.32296752929688,151.53202547151741,149.78662258483766,150.67750227391576,13032600
2021-10-13,146.35946655273438,150.3684465743613,145.99584609736914,149.1503027905334,22753500
2021-10-14,148.60487365722656,149.0957627100331,145.50495832356063,147.04128056868322,15176800
2021-10-15,151.4593048095703,151.96837893842783,149.21391337810758,150.3138880196409,14267400
2021-10-18,151.40476989746094,153.27744147136235,150.8229688854602,151.34112869289618,12672900
2021-10-19,153.2410888671875,153.31380185820709,151.4320445806934,152.17747064410466,8053900
2021-10-20,155.30465698242188,155.33192782197034,152.23202679970464,152.9956380495233,8185600
2021-10-21,154.08651733398438,155.75010794673972,153.34107737659662,155.2319342391071,8415200
2021-10-22,156.1591796875,156.44098760925533,154.26832288231796,154.56831598744705,8817900
2021-10-25,155.3955841064453,157.23189941786097,154.97740807407524,157.0046331520849,10159200
2021-10-26,155.81373596191406,156.8046273572956,155.03193950450384,155.45011550921535,8015100
2021-10-27,152.56837463378906,155.1773866427205,152.12292780760762,154.83195138869888,9847000
2021-10-28,154.86830139160156,155.00465558204777,152.68655111708225,152.99562986291366,7212900
2021-10-29,154.44107055664062,156.5773791077354,153.98653800289557,155.61375844196044,8140100
2021-11-01,154.35923767089844,156.65917097986033,153.64106856279503,156.39553436556332,7435500
2021-11-02,154.96832275390625,156.07738324300257,153.55926912878567,154.35925082485042,7173800
2021-11-03,155.0228271484375,155.56827160477442,153.7683132215998,154.65920675836537,8402700
2021-11-04,152.986572265625,154.72289007974533,151.35026604688235,154.54107981891102,9574200
2021-11-05,152.7683868408203,154.62287346878324,152.18658575447586,153.5410838227915,7975600
2021-11-08,153.68650817871094,155.3773694300021,153.39561462677096,153.67742252344792,6413700
2021-11-09,152.52293395996094,153.15019106789103,151.45024385225526,152.13204264413895,7990300
2021-11-10,152.37750244140625,153.58656080653103,151.8956990012511,152.22296302392573,6999200
2021-11-11,152.36837768554688,153.34106997450485,151.72293546405746,152.28656516867974,5815300
2021-11-12,151.6865997314453,152.48658144025885,150.6502660955879,152.40475504096125,8113400
2021-11-15,151.41387939453125,152.53202557293687,150.9048051627769,152.00478002664306,6492500
2021-11-16,150.32296752929688,151.87747456107445,150.104786966751,151.86837503478353,9706100
2021-11-17,149.51394653320312,150.5048242189525,148.5321545053221,150.18665973876054,9909600
2021-11-18,148.2230682373047,149.85938820157577,147.777621341932,149.44121214967157,8122500
2021-11-19,146.2867431640625,147.368532770646,144.95041645842775,146.63219231473127,12193600
2021-11-22,149.40484619140625,150.88661278724942,148.16851717124294,149.2321216128844,14549900
2021-11-23,152.97744750976562,153.23198458412622,150.33206519634282,150.45024807773532,12354400
2021-11-24,151.77748107910156,154.03195813634014,151.30476344942542,153.14107842255893,9629800
2021-11-26,147.20489501953125,147.8594229569205,144.37771606630506,147.39580478094965,13619300
2021-11-29,146.5685272216797,149.79571033100564,145.28675627861313,148.4593838431192,12104400
2021-11-30,144.3867950439453,146.02311481172495,143.8958921779959,144.6867881573075,18922600
2021-12-01,143.53225708007812,148.4230307004278,143.4504445678461,146.35944948523212,12253400
2021-12-02,146.5503692626953,148.40485568987356,144.35951936568208,145.2958551709029,12969900
2021-12-03,143.89590454101562,147.11400267267487,142.89594128179277,146.81400953353835,12681800
2021-12-06,145.59585571289062,147.82306221899088,144.95951297846645,146.36855265068024,11186500
2021-12-07,147.7866973876953,148.532123442775,146.50491246341883,147.15944034512466,9851600
2021-12-08,146.09584045410156,148.42304460604396,145.60493759225787,147.86851440802403,11705700
2021-12-09,145.86859130859375,146.2958391418901,144.2231718341141,145.1322369294977,11189600
2021-12-10,145.2867889404297,146.99582187246799,144.65953181066618,146.65038657166082,10405400
2021-12-13,143.55953979492188,145.25948686657134,142.97773876330922,144.99586412604734,12069000
2021-12-14,144.65953063964844,146.25948018703104,142.99593987846535,143.1322940919917,12563600
2021-12-15,143.57774353027344,145.31406119331743,143.04139845254755,145.31406119331743,14014200
2021-12-16,145.8231201171875,147.10490509749678,144.26861286237374,145.80493493322558,19542800
2021-12-17,142.5050506591797,144.88681083039376,141.06872603002677,144.83226913974283,28082000
2021-12-20,139.94146728515625,140.63235168640708,138.03242525077263,140.45962711828662,15148000
2021-12-21,141.8959503173828,142.88682782289987,140.9868853314998,141.27779278517318,11291300
2021-12-22,142.4504852294922,142.7777491900935,141.12325807405398,141.58687623855943,7273000
2021-12-23,142.95956420898438,144.6504257502058,142.914122053648,143.27774252372993,8055200
2021-12-27,143.77772521972656,143.81408171676182,142.1232202443824,143.26865103384566,6188100
2021-12-28,144.21405029296875,145.5867332517986,143.70497618562072,143.81405953112983,6342300
2021-12-29,144.14134216308594,145.11404835766209,143.76862218920738,144.40497877728527,6398900
2021-12-30,144.06861877441406,145.66858206819785,143.96862106855258,144.6413341690054,6948200
2021-12-31,143.950439453125,144.8049488487836,143.59590467975946,144.04133762480092,5805900
2022-01-03,146.9958038330078,147.85032712977528,145.00494931633267,145.3231276063991,13120900
2022-01-04,152.56837463378906,153.2501733570622,149.29573521358577,149.36846207528257,20195800
2022-01-05,149.7791290283203,153.96760558416577,149.7334005291332,153.4737740743298,17539400
2022-01-06,151.3704071044922,153.06225014507646,149.8614501741338,152.6415813919199,14047500
2022-01-07,152.8701934814453,153.20855926220932,150.94970812416113,151.50756233141956,13913300
2022-01-10,153.01651000976562,154.83638418672248,151.3795219124554,154.616909727644,12922500
2022-01-11,153.17198181152344,154.1139302807698,152.09284784553384,153.87614766816637,11854100
2022-01-12,154.040771484375,155.09245721489734,152.888474680994,154.05906567529286,12568000
2022-01-13,153.84872436523438,155.293658517145,153.53779287737984,153.9493214882908,13623400
2022-01-14,144.3926239013672,147.26419748216838,143.4872499613626,147.0172747795531,40158400
2022-01-18,138.33856201171875,142.4630158831729,137.67095662235488,142.4630158831729,32324800
2022-01-19,136.19857788085938,139.21647719433324,135.85107201268852,138.61290849514063,22380000
2022-01-20,135.03717041015625,137.73498451505623,134.76281335869302,136.2534759732858,14860800
2022-01-21,132.67767333984375,134.8999353358903,131.93691934116157,134.89079522080596,20705400
2022-01-24,132.55880737304688,133.04349869813777,127.63873132437634,130.1170565595578,28471400
2022-01-25,134.00375366210938,134.29640488030304,128.75443755937977,131.36994851587875,18915900
2022-01-26,135.27491760253906,137.69838822559947,133.4824778657257,136.00653163882856,20709100
2022-01-27,132.88803100585938,137.5246238199845,131.80891115230165,136.6466842143027,17536800
2022-01-28,134.07693481445312,134.21410637026636,130.01648930982083,131.86381200292598,14117000
2022-01-31,135.8968048095703,136.0705507719659,132.30275703535742,133.18983685460796,13985700
2022-02-01,138.22882080078125,138.52147205358028,135.62246360814137,135.97912360100284,14584900
2022-02-02,137.12225341796875,138.03676756486263,135.4121164286783,137.6343791075288,12441100
2022-02-03,135.9882354736328,138.68604911100422,135.61328136675823,137.17710652102372,12474900
2022-02-04,139.51828002929688,140.37792558479688,136.05227745283023,136.35406880450867,16654400
2022-02-07,139.98468017578125,140.48765176796417,137.95445775466555,140.16758020515485,12572300
2022-02-08,142.61846923828125,144.9321887646612,141.5667836187913,141.7496836455229,20411400
2022-02-09,143.21290588378906,143.97194026581911,142.4995860407804,143.20375181248318,9131100
2022-02-10,142.61846923828125,145.4351743039563,141.95087786124097,143.26778038071268,16455600
2022-02-11,140.7620391845703,144.66701914733449,139.89325339166177,142.3075705821093,16830000
2022-02-14,139.45425415039062,140.5425141610301,137.46976031304501,139.67372859417407,17026500
2022-02-15,141.49363708496094,142.6093455169893,140.6980142022968,141.30158296446658,9500000
2022-02-16,141.7496795654297,142.75565061506424,140.59739687124778,140.59739687124778,9076500
2022-02-17,138.48484802246094,140.58823300878814,137.7898224075392,139.920641697457,11367500
2022-02-18,139.13418579101562,140.9632141379223,138.21053149940414,139.12504567285748,11733300
2022-02-22,138.8872528076172,140.1401466217672,137.55207002735878,137.72582994019274,11333500
2022-02-23,135.97909545898438,140.1950057607412,135.32064423083838,140.03038597651624,11799000
2022-02-24,132.19300842285156,132.59539683665233,127.83077250687799,130.72064024746803,25655100
2022-02-25,135.32061767578125,137.29597097257974,132.52220748250383,132.8331388474515,18367700
2022-02-28,129.6781005859375,132.65941149192363,128.8367492987459,131.27850024137726,31315300
2022-03-01,124.78546142578125,128.4709525834736,122.16081010296864,128.06856409752754,36840400
2022-03-02,127.37351989746094,128.06854557441991,124.93176897931768,125.55363185537928,19405600
2022-03-03,126.46815490722656,128.92820018871475,125.34330641667974,127.88565462212486,16640800
2022-03-04,122.91069793701172,123.84350629058551,121.08166961083964,123.40454339953025,21016000
2022-03-07,118.16436767578125,121.34687269313406,117.9265850896953,120.87132147533929,27560100
2022-03-08,117.3321533203125,120.52379836728018,116.39019800471729,118.5575987764799,19207800
2022-03-09,122.03277587890625,123.67890421357082,121.1182616879125,121.5389304013173,17536200
2022-03-10,120.58784484863281,122.04191910023263,119.17949909862118,120.58784484863281,15604200
2022-03-11,117.87171936035156,122.61804967418433,117.44189662586413,121.1639756342175,20061800
2022-03-14,119.04231262207031,121.55722669071622,118.1826670349961,118.39301534970872,15786900
2022-03-15,121.15482330322266,122.13336008220543,119.92023764856887,120.53296041721234,15096600
2022-03-16,126.56875610351562,126.65107298450596,122.93813371628012,123.3405221855524,20354900
2022-03-17,128.1691436767578,128.20573205467937,124.30075299701605,125.16039847126478,17050500
2022-03-18,128.12344360351562,128.80932924603042,126.62364089005843,128.2057465315664,23656500
2022-03-21,127.71187591552734,128.72698702480858,126.87052470084738,128.35204688603235,12676100
2022-03-22,130.427978515625,131.62598958894887,129.60492152071762,130.10790699732806,13548600
2022-03-23,127.8307876586914,129.48605604899,127.30036777348116,128.92820185543945,12093200
2022-03-24,128.66299438476562,128.68128857447812,127.21806039379798,128.30633443445183,10017600
2022-03-25,129.78782653808594,130.9401091663417,128.76357531296972,129.02877823576716,8383500
2022-03-28,128.8275604248047,128.91901739073126,126.11145319839653,128.03193784786401,10818100
2022-03-29,129.111083984375,131.32422021557645,128.25145251833695,131.0955917082056,11316500
2022-03-30,128.52581787109375,129.9707519629909,127.94968342149929,129.7695577252344,8771000
2022-03-31,124.66658782958984,128.35207909850863,124.6117052535395,127.87652778673142,17353900
2022-04-01,123.7428970336914,125.66338216949912,122.36198580649308,125.65422809796402,15721300
2022-04-04,124.29161071777344,125.23355909439495,121.52977431659191,122.65462271650723,17416400
2022-04-05,122.84516906738281,124.74302983919935,122.54114077998335,123.51772288093831,12110300
2022-04-06,121.14080810546875,122.12658419534299,120.65252399461082,121.22372109233581,12914700
2022-04-07,120.77225494384766,121.53692956086131,118.59800364059522,120.64327453000263,12994200
2022-04-08,122.9833755493164,123.36109489684455,121.14079002997407,121.30661597896517,13126900
2022-04-11,122.53193664550781,124.28238726017605,122.13578750786225,122.53193664550781,10466400
2022-04-12,121.18685150146484,123.98758954997035,120.41296890561969,121.73963281724727,12989900
2022-04-13,117.28057861328125,119.07709679789585,116.0921100338799,116.94891263628988,30838000
2022-04-14,116.19343566894531,118.20185399832556,115.18000809488228,116.54352435795458,18835200
2022-04-18,118.34928894042969,119.06789625850188,115.65910840272193,115.77887394609836,11834400
2022-04-19,120.79989624023438,120.98416602940392,118.1373608573444,118.34004637918194,15015400
2022-04-20,121.22371673583984,123.00180521566485,121.00260138766009,122.08973427727702,13430200
2022-04-21,120.28398895263672,122.35689780836776,119.73122169246282,121.81333841562893,12174200
2022-04-22,116.8291244506836,120.24712653594496,116.71857382573863,120.0260112282441,14318800
2022-04-25,116.79230499267578,117.11476315054881,113.42037642720953,116.09212740660975,17149000
2022-04-26,113.33743286132812,116.46062180137488,113.19924456969835,114.82992967108362,17209500
2022-04-27,111.8633804321289,113.83494664411056,111.67912466665483,112.70176033152185,17215200
2022-04-28,113.63225555419922,113.91786111436242,111.60541411700423,113.14397147344175,13015600
2022-04-29,109.96551513671875,113.881009749162,109.54172126919369,113.3650880024196,14874800
2022-05-02,110.96971130371094,111.20924939193722,108.91523236337643,110.44457470611495,18545000
2022-05-03,113.3466567993164,114.39693007292433,111.27374791263131,111.96471754152634,15720900
2022-05-04,117.0963134765625,117.37270412813052,113.0794763061696,113.13475865382695,17128500
2022-05-05,114.16659545898438,116.17501392750431,112.54512528596167,115.39191649876294,15055400
2022-05-06,113.98233795166016,114.50747452785447,111.64225356841884,114.05604305717304,14417900
2022-05-09,112.26875305175781,113.62305473570909,111.0157941488442,112.49907627613301,14312300
2022-05-10,109.53250122070312,114.03762248292546,108.30718010091668,113.42035798940523,16382400
2022-05-11,108.84154510498047,113.21768647894052,108.65728933237659,109.910248267023,14630300
2022-05-12,108.74940490722656,109.00736577123126,106.2895547740164,107.79125953456169,16318800
2022-05-13,109.71676635742188,110.78546947844896,108.67570792724085,110.01158682852471,10443200
2022-05-16,108.95209503173828,110.05764364649367,108.00316451544036,109.21005590658743,10269000
2022-05-17,112.56356811523438,113.29139035818696,111.30139429711554,111.5132947593046,11160200
2022-05-18,110.63805389404297,112.3700889335015,110.1221321523693,111.75282441701243,12664900
2022-05-19,108.99815368652344,110.2326897475555,108.37167427396386,108.88760304418776,12765800
2022-05-20,108.1044921875,110.2511060668527,105.96709320410545,110.05763542516814,13150100
2022-05-23,114.79307556152344,116.60802340866516,110.96970923267394,110.97892412829304,24376700
2022-05-24,116.41455841064453,117.45561674102188,113.42035681989525,114.57197281633728,19324900
2022-05-25,117.22528839111328,117.79649243065732,115.31821266595422,116.3408481881749,12780400
2022-05-26,119.25215148925781,119.94312114261076,118.11896519394678,118.26636136939041,15990900
2022-05-27,120.93811798095703,120.93811798095703,118.97575968558495,119.91548234140146,11177800
2022-05-31,121.8225326538086,122.67012027083248,119.50088511675627,119.93387976276746,17015000
2022-06-01,119.68516540527344,122.41218454862329,118.5427571351698,122.41218454862329,10768000
2022-06-02,121.61064910888672,121.61985697603703,118.54274241033868,119.67592861357491,8374800
2022-06-03,119.91547393798828,121.39875590478928,119.75885584929657,120.88283418726067,8596000
2022-06-06,119.51931762695312,121.969959984548,119.27057867880264,120.77227646665618,11323500
2022-06-07,119.83255767822266,120.06288087136957,118.49667191172092,118.69014957940165,6722200
2022-06-08,117.92547607421875,119.26134779630956,116.91205541998715,118.84676885604858,8422100
2022-06-09,115.44721221923828,118.01762730865262,115.41035965939612,117.34508039212058,13560100
2022-06-10,110.14055633544922,113.68753218660619,109.92865590010821,112.94128024380194,12945200
2022-06-13,106.86074829101562,108.66648130829225,106.00394571879143,107.6622755453241,16805600
2022-06-14,105.0826644897461,108.08608127082555,104.30878183818956,106.45539595281319,13357900
2022-06-15,106.32640838623047,107.74519315234836,104.26270739588247,106.51987903615564,14083500
2022-06-16,104.50225830078125,105.26693312671476,103.06504356589498,104.89841454551366,16724900
2022-06-17,104.13372039794922,105.60778742033858,103.33220018863132,104.60358167752227,30919900
2022-06-21,106.71334075927734,107.81888924605573,105.98551864440098,106.75019331269074,11680500
2022-06-22,106.11449432373047,107.0542097925976,105.3866722413867,105.83810369993721,9842700
2022-06-23,104.95367431640625,106.11450521501452,102.70572465919314,105.95788712561276,11851500
2022-06-24,108.08607482910156,108.54672124535735,103.94947197921842,104.31799051800435,14841100
2022-06-27,107.22006225585938,109.17320568115227,106.53830749649292,108.76783456692566,11280500
2022-06-28,106.70415496826172,109.90104280256992,106.50146938365657,108.40854561231113,11590900
2022-06-29,106.22506713867188,107.62542916110657,105.69993050164555,106.86996931435102,9338400
2022-06-30,103.74678039550781,105.10108190513232,102.19900824578069,104.26270210244817,15172600
2022-07-01,105.07344818115234,105.41432202361456,102.41091251270541,103.78363683659487,10573600
2022-07-05,104.67378234863281,104.75742874229998,101.58803455092105,102.9543086183863,12514200
2022-07-06,103.99528503417969,105.0176700147624,102.97290005359696,103.84657797262564,10656200
2022-07-07,106.62561798095703,106.79291787262287,105.39875447243479,105.49169728089765,10347400
2022-07-08,106.29100799560547,107.48998925561645,105.5939263624187,107.03456457410378,8807800
2022-07-11,104.8968505859375,106.17018899310882,104.30200812635944,105.53816799342195,7939500
2022-07-12,104.99909210205078,107.0531586233271,104.33918895557498,104.63661019188918,11250900
2022-07-13,104.01388549804688,104.54366729637812,102.59183290044886,103.8651713344752,12979900
2022-07-14,100.3797607421875,100.59353557495504,98.57664054859843,100.37046433439374,26204800
2022-07-15,104.9804916381836,105.8448731512327,100.0730380509684,101.45791200796052,18863900
2022-07-18,103.90235137939453,107.66658828800055,103.43763024812849,106.67208535073446,13977900
2022-07-19,106.47689056396484,106.83008311968487,104.72024546562126,105.14778800420999,11862300
2022-07-20,106.45831298828125,106.64419859630016,105.47310650183456,106.04935614134199,11667500
2022-07-21,107.18327331542969,107.37845532485206,105.37086387716398,106.36536673912435,11595900
2022-07-22,106.66280364990234,108.04767073445818,105.64970782404015,107.10893199676761,7645500
2022-07-25,107.09033966064453,108.24284609184298,106.67208638380546,107.66658933070286,9394000
2022-07-26,105.41734313964844,107.42494189566592,105.05486121277004,106.4954996029353,10675100
2022-07-27,107.10892486572266,107.57364599923197,105.30581168964213,105.96571484829553,9337400
2022-07-28,106.70925903320312,107.79671182007108,105.51957412590691,107.11821587924172,10384800
2022-07-29,107.220458984375,108.28002258660547,106.69067718325977,107.4342267317806,12944500
2022-08-01,106.1515884399414,106.98808780371213,105.0920249428588,106.42112751777202,14740400
2022-08-02,104.49718475341797,106.3281869856113,104.34847060065373,105.88205161839969,14942900
2022-08-03,105.59393310546875,106.04935781606406,103.827991437076,105.44521894384002,14394500
2022-08-04,104.43212890625,105.3243925907902,103.1866726381275,104.88755361072667,18033900
2022-08-05,107.59222412109375,107.99188452497113,104.14399463232888,104.59012288856175,14174600
2022-08-08,106.28172302246094,108.46591095654533,106.12371953713286,108.04766476806941,10332500
2022-08-09,107.23904418945312,107.80600452890786,106.30031262308125,106.65349812508518,10233800
2022-08-10,110.03667449951172,110.9475310832711,109.20947141100429,109.63701402261965,12847300
2022-08-11,111.66320037841797,112.64840697394993,110.89176154666866,111.44013620588062,11684900
2022-08-12,113.51278686523438,113.62432249531994,111.01259187111775,112.15580194239598,9906700
2022-08-15,113.81949615478516,114.06115312331498,112.0907330166132,112.5926326784452,8456200
2022-08-16,114.90695190429688,115.47391228893217,113.27113852047644,113.66150259449617,9555000
2022-08-17,113.94031524658203,114.4701041050084,113.1038229442021,113.67078325026569,8149300
2022-08-18,113.0573501586914,113.82878889690872,112.04426155080805,113.61501406796269,9531800
2022-08-19,110.25972747802734,112.45321167401424,109.77642064601662,112.10932259255245,13464500
2022-08-22,108.43802642822266,108.89345823975621,107.35058068933317,108.5123835106463,8967600
2022-08-23,107.3691635131836,109.01428023471614,107.23904216799906,108.45661631377077,7607000
2022-08-24,107.6294174194336,108.19637776992938,106.3746646853674,107.15539987747708,9771300
2022-08-25,110.18537902832031,110.36196822980507,107.51787727965821,107.96401266942706,10758900
2022-08-26,106.57913970947266,111.52377213105558,106.5140790364682,111.03116887958166,11276200
2022-08-29,106.31889343261719,106.75573240423849,105.4545118969422,105.95641153937426,8117300
2022-08-30,106.33749389648438,107.42493965443188,105.36157667304525,106.88586143403538,10745400
2022-08-31,105.70545959472656,106.91373014370983,105.34297062984258,106.40254121220644,10738300
2022-09-01,106.43043518066406,106.54196371357446,104.01388672282225,105.2965144888637,9979800
2022-09-02,105.68687438964844,109.1629863202459,105.20356755347503,107.69447299624896,10666600
2022-09-06,105.71476745605469,106.65350618444474,104.16260048403186,106.26314211203459,9751900
2022-09-07,107.72236633300781,107.9175483693265,104.80391801476854,105.1478071349615,10647900
2022-09-08,110.23185729980469,110.40845360905573,106.5419701693585,107.14610909319646,11435000
2022-09-09,110.76163482666016,111.57954857150702,110.29691368657238,110.73375269282799,9299700
2022-09-12,112.07215881347656,112.97371901587415,111.33789851555566,112.10933735792497,8614600
2022-09-13,108.17777252197266,110.52926005408779,107.61081223663096,109.73923563566964,12904600
2022-09-14,107.92683410644531,109.52546878266413,106.77432063773772,108.46590520965468,9345700
2022-09-15,109.5533676147461,110.95682039703969,107.59224377367715,107.92684357250953,10821400
2022-09-16,108.81909942626953,109.11652066015112,107.22975404292582,109.10722425222565,14844100
2022-09-19,109.8228988647461,110.35268065974861,107.35987550194852,107.81530021563242,8201300
2022-09-20,107.65729522705078,109.38605834252736,106.55125670395515,109.12581565264169,9619000
2022-09-21,104.55296325683594,108.37297171056585,104.48790257890963,108.31720744122389,12606300
2022-09-22,103.36327362060547,105.5846400705563,103.23315227056429,105.38016163732539,11684500
2022-09-23,101.43931579589844,102.55464354069957,99.59902430786848,102.28511155705264,18138600
2022-09-26,99.25513458251953,101.87616133439536,98.57663864828456,100.37975880711393,15753600
2022-09-27,98.38145446777344,100.53776006656284,97.26612667536143,100.14739604832675,12793600
2022-09-28,100.37047576904297,101.05826820250779,98.1862877000552,98.47441255475285,12762600
2022-09-29,98.66959381103516,99.71056460484718,97.03377344651122,99.40384695692113,12713900
2022-09-30,97.12672424316406,100.02658688818977,97.033781427655,98.57665202013577,15973400
2022-10-03,100.12882232666016,100.71436842420152,97.0895420277462,98.16769850191612,12248100
2022-10-04,104.81320190429688,105.01768033873128,102.10852857985728,102.80561028393,16013600
2022-10-05,103.51909637451172,104.04423852106557,102.05619630652592,102.91893187715728,10943500
2022-10-06,101.40914154052734,103.33154815054736,101.2215928171462,102.64698171660835,11521400
2022-10-07,99.38359069824219,101.00590794535898,98.71777625769788,100.82773164539428,11681100
2022-10-10,98.45518493652344,100.63078264729755,98.01443764586475,100.08688858549695,8931700
2022-10-11,95.6137924194336,98.03320946269825,95.51063848045159,97.87379234046236,12739700
2022-10-12,97.16108703613281,98.21137835647176,94.97610962692666,95.46374769350429,13181000
2022-10-13,102.56258392333984,103.0595944647664,95.42624574417452,95.63255362654591,22398700
2022-10-14,104.26930236816406,108.06721754049812,103.82855501391587,104.9913727974787,33387100
2022-10-17,108.64862823486328,109.72705122464859,107.20448024529794,108.22664005189395,22276300
2022-10-18,111.44316101074219,112.66224931329972,109.68017848744493,112.21212946478919,21539700
2022-10-19,109.2581787109375,111.43377682799908,108.47045832734136,110.64605644440296,17072000
2022-10-20,108.90182495117188,111.32124210801635,108.45170515496022,109.86772162103162,12207400
2022-10-21,114.62216186523438,114.77219942275684,109.08938831265917,109.21129427530401,20593300
2022-10-24,114.76282501220703,115.43801193780422,113.77818337448278,114.47212231266835,12624200
2022-10-25,115.0628890991211,115.59741080493464,113.36554962451619,114.26579633143771,11289100
2022-10-26,116.38513946533203,117.4072921941873,115.23169404163099,115.34422757098791,11667000
2022-10-27,116.8446273803711,118.34503851847131,116.47890238903805,117.40728066284309,10727600
2022-10-28,118.2325210571289,118.42006978056635,116.3288736115905,117.49169143685813,11859500
2022-10-31,118.04496765136719,119.49849532928667,117.77301698851981,117.87617093492831,13295200
2022-11-01,120.17366790771484,120.29558101233903,118.46695598822545,118.97334610748572,13386900
2022-11-02,119.06712341308594,122.24612216725576,118.75766158456761,119.70479908040018,16546100
2022-11-03,119.2828140258789,120.20181285385658,118.07311250908543,118.4482099832249,12474400
2022-11-04,122.54620361328125,122.68687589302037,120.46439410184128,121.43028365803605,14953200
2022-11-07,123.19325256347656,124.05598812713183,122.35864859251276,122.84628671424842,12011200
2022-11-08,123.26827239990234,123.8403052880471,122.03981184725947,123.07135125507787,9884100
2022-11-09,121.66471862792969,123.24951750531807,121.17708049924458,123.14637787001297,9494000
2022-11-10,126.6723403930664,126.8317575209235,124.28105485710957,124.37483637187265,16351600
2022-11-11,126.87864685058594,127.69449164545368,125.45325083471756,126.77549290912737,10704700
2022-11-14,125.57518005371094,127.28189221159677,125.57518005371094,126.40978412022116,11085600
2022-11-15,124.66554260253906,127.26313609807022,123.40895039943466,126.29723225732964,14038300
2022-11-16,124.83433532714844,125.2469511198918,123.81218258270296,124.72180895060058,7893400
2022-11-17,124.29044342041016,124.61866445564057,123.10887344987428,123.78406037848107,8820200
2022-11-18,125.509521484375,126.28786230548378,124.04662136144319,126.19409509524891,9468500
2022-11-21,124.76870727539062,126.1847167326589,124.48737700791267,125.41576259787439,7800500
2022-11-22,126.63481140136719,126.85050600535155,125.36884691295606,125.6595495515753,9185700
2022-11-23,127.98519134521484,128.00395050933253,126.46602815982415,126.54105050724526,7316200
2022-11-25,128.22903442382812,128.60413190123887,127.59135154136801,127.98520818536475,3220500
2022-11-28,125.9877700805664,128.20087912990934,125.83772539371799,127.60071469156459,9906900
2022-11-29,128.0602264404297,128.13524879531892,126.04405252309203,126.27849201622669,7925300
2022-11-30,129.57937622070312,129.57937622070312,124.89997358507799,127.61946569731164,14761200
2022-12-01,127.76014709472656,130.02951959595518,127.00055114254764,129.5793854815416,8858500
2022-12-02,126.74738311767578,126.92555943893733,125.04065657617305,126.11908693310518,8931900
2022-12-05,123.19325256347656,126.19408933503425,122.47118927232881,125.88462750637798,10154500
2022-12-06,123.39954376220703,126.7004551791156,121.78659922377717,125.08751064068574,13966700
2022-12-07,123.3151626586914,124.79682184346356,122.21798764337686,123.1369863699647,11739400
2022-12-08,124.60926818847656,124.70303538842447,123.24950785326384,124.09349850709063,8907300
2022-12-09,123.93409729003906,125.434501463154,123.78405258001224,123.97160131302022,7957800
2022-12-12,125.85647583007812,126.26907722672856,123.40892749313836,124.15912225726488,8841600
2022-12-13,125.7345962524414,128.55724272373214,124.7968382383054,128.3696939827153,10025400
2022-12-14,125.1063003540039,127.26314665270513,124.49674905814716,125.45326624104196,9966100
2022-12-15,122.00230407714844,123.85906064509565,121.01765545614404,122.98693838910337,12087800
2022-12-16,121.24271392822266,121.81474682587482,120.43624155299254,121.11142839314101,21133700
2022-12-19,121.96480560302734,123.15576229311901,121.05517918031073,121.58032138124985,9017200
2022-12-20,122.55559539794922,123.83094685123224,122.09608882635884,122.81816649341471,8549900
2022-12-21,123.93409729003906,124.7030513880871,123.56837225250563,123.95284214700408,8051700
2022-12-22,122.52745819091797,123.12762271150187,120.41750278602987,122.94007398176645,8648200
2022-12-23,123.10885620117188,123.25890089962896,121.57093381461196,122.45242853173472,5091900
2022-12-27,123.54024505615234,123.99036489320639,122.42431073780759,123.38082791196761,5411000
2022-12-28,124.21541595458984,125.10628308504683,122.85565557178471,123.64338307140383,8827700
2022-12-29,124.92810821533203,124.97499897200413,124.07474509466962,124.65615041206382,6585200
2022-12-30,125.75333404541016,125.96901434546854,124.19665257235562,124.54361839971683,9292500
2023-01-03,126.7098617553711,128.22903950996047,125.55642337298362,126.8224024502994,11054800
2023-01-04,127.89141845703125,129.11049219854092,127.13183689810478,127.52569347276854,11687600
2023-01-05,127.8630599975586,128.20314701318335,126.30432183646907,128.15590990259113,8381300
2023-01-06,130.309814453125,130.72547804224902,127.05065500530455,128.59993739174718,10029100
2023-01-09,129.77133178710938,131.19781490032148,129.30844551253918,130.9333043392115,8482300
2023-01-10,130.9333038330078,131.04666138311828,129.71465251034277,130.16809712552902,9048700
2023-01-11,131.90635681152344,132.01971438647058,130.4609900719569,131.2167264579347,8703700
2023-01-12,131.7740936279297,133.06830724706185,131.51902468479346,132.25587770741217,11001700
2023-01-13,135.099365234375,135.55282430751242,127.34351126077263,128.09926196792253,20200000
2023-01-17,133.01162719726562,133.7106847473434,131.5284650922961,133.36115597230452,14292900
2023-01-18,129.015625,132.94550326802252,128.86447195495165,131.235625888313,13392600
2023-01-19,127.2962646484375,128.38264629883426,126.20042692550591,127.83474185211318,13303400
2023-01-20,127.60802459716797,127.99534882496017,126.16265800540303,127.6836011109869,13092500
2023-01-23,129.67689514160156,130.32873000323738,127.36242011088879,127.64581403790693,10487100
2023-01-24,130.7916259765625,132.5298427922234,127.53246584351128,128.8739167174288,6945000
2023-01-25,131.42454528808594,131.42454528808594,129.6579893177505,130.41374004371755,8967000
2023-01-26,132.23696899414062,132.3125455048961,130.7065842918925,131.70794783359784,7487600
2023-01-27,132.5581817626953,133.44617339114546,132.01970449255612,132.8321340198694,7489900
2023-01-30,131.43399047851562,132.34087974278663,131.22615868571498,131.52845030222366,6729300
2023-01-31,132.2180938720703,132.32200977895636,130.60267648588666,132.14251735663078,9188700
2023-02-01,131.86854553222656,133.08719697578147,130.47985774663846,130.56489033240092,8841800
2023-02-02,131.2545166015625,132.6904416232157,130.36651052783944,132.25588024563422,11822100
2023-02-03,133.28558349609375,134.45699791231448,130.48932438153037,130.5365470927534,11501200
2023-02-06,134.06964111328125,134.37194711430413,132.28418773712744,132.47312178039496,8406200
2023-02-07,135.70396423339844,136.35579904445333,133.3705916503666,133.55954014004612,10447900
2023-02-08,134.7498321533203,136.07238503732313,134.40974506675596,134.7592738115113,6958000
2023-02-09,132.6526336669922,135.41111146548465,132.13305416056906,135.2032796629154,6443100
2023-02-10,133.23834228515625,133.46507183401292,130.92386733105417,132.04804458683859,6582900
2023-02-13,134.6837158203125,134.83485442969993,132.95494094549665,133.48396211521708,7134600
2023-02-14,135.27886962890625,135.855127972481,133.76738249549913,134.61759310711895,9249400
2023-02-15,135.8456573486328,135.9306755087181,133.48394569241438,133.77679563142644,6728300
2023-02-16,133.9752197265625,135.45836752709843,133.84295000211898,135.004922810248,8165300
2023-02-17,134.37196350097656,134.9293240417462,132.3219993313062,133.18165149521968,7948800
2023-02-21,131.90635681152344,133.5217599135107,131.07502948925077,132.90772049621683,9996300
2023-02-22,130.89553833007812,131.71740958596237,129.8374958475837,131.23562547298673,11107500
2023-02-23,131.94410705566406,132.41644939398094,130.30980660121608,131.05610115326928,8068000
2023-02-24,133.13442993164062,133.5406519156778,131.24506021829757,131.41511098816684,9126900
2023-02-27,134.29638671875,135.38276840887394,133.8807231248693,134.2491495985826,10014700
2023-02-28,135.4205780029297,135.80788783333207,134.05077344885328,135.03325375778053,11019800
2023-03-01,134.66481018066406,135.5244767383503,133.95629663823485,134.2397049381555,7139200
2023-03-02,133.26669311523438,134.55145061915476,131.82131209383144,134.371972613575,11106800
2023-03-03,135.71340942382812,135.78898593069025,133.27612113281788,133.68232864061386,9513100
2023-03-06,134.91989135742188,136.07239356298024,134.76873832842378,135.50559132635672,9261300
2023-03-07,130.9521942138672,134.4380832152928,130.187001879846,134.15467490998063,11747600
2023-03-08,130.1775665283203,130.9238611675436,129.3178999126326,130.36650060276645,10002500
2023-03-09,123.13021087646484,129.75246041566146,122.07216853463137,129.1950854397531,25888100
2023-03-10,126.25711822509766,127.7780613353613,120.74961129815568,121.82655860495639,37599700
2023-03-13,123.98987579345703,126.47440134588452,122.2516592799677,123.95209474522709,42901100
2023-03-14,127.1734619140625,128.0331285331571,124.02765983119403,127.796957335477,29648100
2023-03-15,121.16525268554688,123.74425225797502,119.71989347594011,123.73479618567485,34280600
2023-03-16,123.51753234863281,124.65115117748762,119.04917026336179,120.9290909173722,24558500
2023-03-17,118.85079193115234,121.37309860782233,118.51070482785155,121.27863877702804,38396000
2023-03-20,120.10722351074219,122.30834079913592,119.03973229370315,119.96551935090123,22875500
2023-03-21,123.32859802246094,124.44331911766595,122.98851093303907,123.3663790702876,17807800
2023-03-22,120.14501190185547,123.43251814288406,120.05054486431327,123.33804389796889,17250200
2023-03-23,119.82381439208984,122.36501876420824,119.0491731584805,120.8251851628821,16677600
2023-03-24,118.00057983398438,118.72798394645115,116.30014433976308,118.68074682429997,22311100
2023-03-27,121.38256072998047,122.22332966410114,119.30424974986747,119.77659217161496,18853900
2023-03-28,121.7509765625,122.18552348013156,120.67402930460075,121.59038188296263,10820500
2023-03-29,121.99658203125,123.01684324078137,120.70236139282379,122.90348568908165,14595300
2023-03-30,121.62816619873047,122.92237974284488,120.58901437559454,122.76178505899277,12134700
2023-03-31,123.10187530517578,123.13021469630078,121.72264355460472,122.48783594447234,13105200
2023-04-03,122.9601821899414,124.16937763152899,122.25166856019493,122.72401098002591,11775400
2023-04-04,121.31641387939453,123.36637805736443,120.36228747109145,123.28135988939337,11579900
2023-04-05,121.49730682373047,122.0114336919558,120.4023919458276,120.72610925745639,9614700
2023-04-06,121.36402893066406,121.94480974978596,120.78324811154216,120.91654135554354,8760200
2023-04-10,121.763916015625,122.08762612376569,120.17391274906652,120.47858407717315,9477300
2023-04-11,122.36373901367188,122.76361875707815,121.43067901512005,122.15427612028654,10516300
2023-04-12,122.34468078613281,124.18222427125369,121.9257550410825,122.99210091730298,11821000
2023-04-13,122.81122589111328,122.85881920743738,120.75468905588534,122.30661470393342,12450200
2023-04-14,132.08465576171875,132.45597369378416,128.4381157991922,128.67614048712832,43931300
2023-04-17,133.1319580078125,133.35093663285537,131.06590564907688,133.24620519863961,16050500
2023-04-18,134.6267547607422,134.9885569274646,132.37028541704944,133.55089307359844,13760100
2023-04-19,134.45538330078125,134.7219697819361,133.67465537177515,134.46489905801047,9158100
2023-04-20,134.0650177001953,134.65531425442393,133.14148078465306,133.20813466806516,10586200
2023-04-21,133.80795288085938,134.35065614558434,132.1322642990206,133.04628549776163,11842500
2023-04-24,133.98886108398438,134.3411475216415,133.33191058248514,133.7318048660824,7567500
2023-04-25,131.075439453125,133.25575383076227,131.03736189356405,132.91299768321502,10629300
2023-04-26,128.75228881835938,131.20870493459682,127.58121161536567,131.0278038772499,14416100
2023-04-27,130.4851531982422,131.303958808556,129.1617363484429,129.48544647794756,9041100
2023-04-28,131.61813354492188,131.6943031865971,129.17123283767924,130.0186001254897,9881800
2023-05-01,134.4363555908203,136.50240836544393,134.084083662944,135.44557805393939,20415800
2023-05-02,132.2655487060547,135.58837837510717,131.79901511638744,134.62674939720867,14113400
2023-05-03,129.4663848876953,132.02753286806262,129.25692199895994,131.80855422179351,12930900
2023-05-04,127.69546508789062,129.21882872470982,125.49611955153875,128.4952389875505,17089200
2023-05-05,130.1899871826172,131.27537916714465,129.3997434835853,129.90435465450494,11259100
2023-05-08,130.50418090820312,131.3610639607097,129.9424316119556,130.90406063456444,7484900
2023-05-09,129.87579345703125,130.38992038771949,128.7332778671555,129.4187755987818,7343600
2023-05-10,129.94244384765625,131.44676173773652,128.40956415499454,131.34203028564627,8133400
2023-05-11,129.53302001953125,130.25660973993178,128.43809789096645,128.53331356401452,7057300
2023-05-12,127.67644500732422,130.42800974520216,126.75290808058807,130.26615470507681,9986400
2023-05-15,128.75228881835938,129.17121452424243,127.5431340638634,127.83828230358874,7639500
2023-05-16,127.88591766357422,129.42831306913698,127.54316151479641,128.9713097133915,6477200
2023-05-17,131.81808471679688,131.95137797654232,128.971318413403,129.39022970983459,12711500
2023-05-18,132.81776428222656,133.03674290822084,131.16110736867213,131.6466869875425,10999600
2023-05-19,132.5131072998047,133.7603689621785,131.51341515729055,133.09388816333558,13490700
2023-05-22,131.41819763183594,134.8552749183525,131.0659257209225,134.24593226083675,11402500
2023-05-23,130.0471649169922,132.37028819397406,129.92340195831216,130.95165582489932,9514900
2023-05-24,128.85702514648438,129.81865406098805,128.60948473262428,128.91414873984655,8578000
2023-05-25,129.17123413085938,129.74249918520582,128.13344999240806,128.36195891972142,8472500
2023-05-26,130.38040161132812,131.0087902559653,129.1331546071345,129.59015792692807,8579900
2023-05-30,130.87548828125,131.12302870297736,129.50446388549588,130.2470996785506,7399900
2023-05-31,129.20933532714844,130.28519709874558,127.96207368813783,130.1804656489928,14219900
2023-06-01,130.98973083496094,131.6085891313099,128.96175611070285,129.98050861488557,12248100
2023-06-02,133.74130249023438,134.70291692519112,132.66542633493899,132.87488920637477,12917200
2023-06-05,132.4274139404297,133.39855875002513,131.5134072602363,133.39855875002513,8511900
2023-06-06,132.66543579101562,133.38904013586983,131.58957408690827,132.0370471319182,9329500
2023-06-07,133.95079040527344,134.50300948522292,132.17988595159952,132.86539829030397,9281400
2023-06-08,133.98886108398438,134.14120037984287,132.7987375748553,133.93173748000618,7368100
2023-06-09,134.2554168701172,135.0075828914009,133.49374962084417,133.6270428422541,7249100
2023-06-12,134.2459259033203,134.5506044815869,133.06531820434859,134.31257979026896,7596600
2023-06-13,135.21705627441406,136.02633142176325,133.4271061378985,133.7508161968382,7701600
2023-06-14,134.71246337890625,136.7309081700571,133.96029719723236,136.15012732552555,9068700
2023-06-15,136.23580932617188,136.53095762000808,133.32238941841877,133.85556240442924,9343100
2023-06-16,136.39764404296875,137.07364046024875,135.67405431664727,136.1977114669526,13812100
2023-06-20,135.70262145996094,136.15010899441015,134.28398922012488,135.7787910964494,8428600
2023-06-21,135.50270080566406,137.12126577189142,134.90287394542946,136.05490529504394,9926500
2023-06-22,132.8939208984375,135.76926266396595,132.29409414701323,135.4931459414904,10075200
2023-06-23,132.19891357421875,132.5130933684571,131.02782168419964,131.90375076650855,9907500
2023-06-26,132.5226287841797,133.30334221321104,131.09448064358352,132.2179502074729,8429700
2023-06-27,132.53213500976562,133.14147759147986,131.90374638640853,132.34171817695614,8154000
2023-06-28,131.95135498046875,132.54166605178588,131.35154268008554,132.49405821134323,7558600
2023-06-29,136.5595245361328,136.6833020296197,133.1510236010499,133.36048650023935,15423200
2023-06-30,138.47325134277344,139.00642434456662,136.77851664655597,137.67349184008367,14208500
2023-07-03,139.5872039794922,140.4155252766646,139.006423137324,139.18732423162018,8021600
2023-07-05,138.65731811523438,139.41463525327674,138.38890080344873,138.9449122714751,8934900
2023-07-06,137.2864532470703,137.4590009386421,135.5896611417265,137.10430982087058,9709500
2023-07-07,138.36972045898438,139.807676576169,137.08514983826782,137.9575133933282,8977500
2023-07-10,139.14622497558594,139.95149157929694,138.52311646193712,138.52311646193712,9100100
2023-07-11,141.3223114013672,141.70577510444068,139.6830497821174,140.28698134453566,11265600
2023-07-12,142.02212524414062,143.67098274566342,140.91969808298515,141.35108198832225,11323200
2023-07-13,142.7123565673828,143.19167530604147,141.63868727363447,142.54938995155652,11234900
2023-07-14,143.5751190185547,146.5660628491537,142.27137164640857,145.28149231961643,27011600
2023-07-17,147.03579711914062,147.39048824741005,144.13112720389103,144.13112720389103,17262400
2023-07-18,147.3042449951172,148.01362739899935,146.49899298807097,147.0358276594351,13491700
2023-07-19,147.86981201171875,148.79011030870112,145.9237793512413,146.4318559791899,12510000
2023-07-20,149.69122314453125,150.11302593809617,148.02320344152827,148.13823524790206,9935900
2023-07-21,148.54087829589844,149.68165926590254,148.29163781085074,149.35572602522922,10633100
2023-07-24,151.46469116210938,152.2220081817565,148.32994314168485,148.56002135623743,14381400
2023-07-25,150.3335418701172,151.19630978110357,149.50911302350121,150.79368378080008,9944700
2023-07-26,151.23463439941406,151.70437200205552,149.81585511087036,150.22807680862638,8728600
2023-07-27,149.56661987304688,152.21245398374683,149.11605909883994,151.2442354198376,10778400
2023-07-28,150.41981506347656,151.081277285179,149.9692542639879,150.77450626099628,9103800
2023-07-31,151.42637634277344,152.78763975121493,150.64986772974416,150.67862568271045,8892700
2023-08-01,150.67861938476562,151.4647090733785,149.69122403380274,150.91827873456526,6853900
2023-08-02,148.9722442626953,149.25025729673152,147.57264186752258,149.12562975542937,8299400
2023-08-03,149.8829803466797,150.4293961202998,147.96570532914697,148.5888138587861,6084000
2023-08-04,149.56661987304688,151.27299337328512,149.2598488660776,149.93089215926452,6206600
2023-08-07,150.27598571777344,151.177107167183,150.12261485878605,150.12261485878605,7251800
2023-08-08,149.43238830566406,149.52824325991187,146.27846336972812,147.936916445069,8623400
2023-08-09,147.4288330078125,149.08728617082494,147.12207665930103,148.89556162454963,6277800
2023-08-10,147.20834350585938,149.01058633590472,146.75778279834805,147.99443312411984,5995100
2023-08-11,148.06155395507812,148.12866559908508,146.3168413703072,146.70029050631376,5178000
2023-08-14,148.36831665039062,148.51210641142237,146.5948315835533,147.25629373959148,5044300
2023-08-15,144.59127807617188,146.9303556285748,144.01608979593834,146.52772968346954,10300300
2023-08-16,143.97775268554688,144.7159075753868,143.48883825243726,144.37079752810476,6978200
2023-08-17,142.48226928710938,145.0034754872159,142.26177217201584,144.63920325309263,9953900
2023-08-18,142.80821228027344,143.31628892363722,141.34149825280505,141.54280391198546,8516900
2023-08-21,143.29708862304688,143.89145365069555,141.89748646284508,143.4600551963502,8327000
2023-08-22,140.32534790039062,143.45050057196858,139.81727124640256,143.0862136775447,9682000
2023-08-23,141.27439880371094,141.48530021662202,139.4434123591055,140.29659911946518,7858000
2023-08-24,141.14016723632812,143.23000418117988,140.91010364332595,141.3990034061001,6534000
2023-08-25,140.96762084960938,142.4726738358272,139.81725899099078,141.18810333749715,6695500
2023-08-28,141.45652770996094,142.46309987209142,141.04432066290826,141.4661234453359,5094100
2023-08-29,142.6068878173828,142.69317629643604,141.09223903953466,141.60033029566526,6337000
2023-08-30,142.03170776367188,142.98074934157512,141.10182840011902,142.4726727360435,6277300
2023-08-31,140.2773895263672,142.21384085300684,139.92269842729587,142.12755238412603,10933900
2023-09-01,140.74713134765625,141.9550090448651,139.6734476558267,140.04731560693733,7902100
2023-09-05,139.19415283203125,142.07966087712893,139.01200937870192,141.07308864343548,7854700
2023-09-06,138.96408081054688,139.52007761769687,138.14923318783974,138.714825730467,8629200
2023-09-07,137.77537536621094,139.26126633796764,137.45902325266428,138.1684202310095,8373700
2023-09-08,137.88084411621094,138.15884257669202,136.74964417175505,137.43986439570983,7107900
2023-09-11,138.48475646972656,139.05034898927175,137.74660162273412,138.76275486195632,6854200
2023-09-12,140.2869873046875,141.2264624463981,138.0917141934475,138.52309807854368,8363200
2023-09-13,140.35409545898438,141.5907311826005,139.78850294305315,141.24562115755614,8325900
2023-09-14,143.07662963867188,143.69973808754753,141.41819105920393,141.72494741587258,10034900
2023-09-15,142.65481567382812,143.53676024317386,142.17549701911994,142.7602663629697,19824100
2023-09-18,142.95201110839844,142.97118795303822,141.63868248967944,142.03172735273944,6512400
2023-09-19,142.7698516845703,143.52718337284603,141.1210089211345,143.3162819883372,7943400
2023-09-20,142.16592407226562,144.0352640073983,142.01253858332004,143.46007573767503,7332000
2023-09-21,141.05389404296875,142.6931702889326,140.56499427792775,141.47569680228784,8052400
2023-09-22,139.7022247314453,141.40859813964846,139.18456696966345,141.19769674064395,7071700
2023-09-25,140.39244079589844,140.45955243349127,137.7561880117815,139.33794845883895,7044700
2023-09-26,138.93531799316406,139.80768157944357,138.26427470665925,138.61898050839125,7468400
2023-09-27,139.75013732910156,140.0473125365918,138.53266392416853,139.1845448614496,6717800
2023-09-28,141.48529052734375,142.7123452306236,139.97064167818516,140.22947787224064,8868100
2023-09-29,139.02159118652344,142.60688547756496,138.86820570144013,142.4535146201266,11915700
2023-10-02,137.8232879638672,139.59675818259282,136.73044203294273,138.83944115589324,9170600
2023-10-03,136.80714416503906,137.65073509555378,136.4620341301232,137.27686711003201,9431100
2023-10-04,137.42068481445312,137.5357166280297,136.05940675811274,137.26729931125325,8128700
2023-10-05,138.0000762939453,138.19323025481972,136.0010624719847,137.16956436315178,8576200
2023-10-06,140.12466430664062,140.87791766646882,137.26615341981034,138.009754974977,10269400
2023-10-09,139.80599975585938,140.4143877272837,138.57954253567823,138.73405984786743,6964900
2023-10-10,140.65579223632812,141.7373985071657,140.29848390462598,140.43368284653323,11288800
2023-10-11,141.13865661621094,142.18162626344932,140.04741320748465,141.4863131652904,8698200
2023-10-12,140.810302734375,141.9208791009666,140.15362640122137,141.2835063760266,10484400
2023-10-13,142.9252471923828,147.86003165446203,142.7707298750945,143.40810275722194,29427000
2023-10-16,142.78036499023438,144.39310045355313,141.6891069385049,144.32549361627682,12663500
2023-10-17,142.47132873535156,144.19029296860631,141.7566973603438,142.5099654235028,11482700
2023-10-18,140.9069061279297,142.42306484928366,140.38541389684323,141.56358258416412,9620300
2023-10-19,140.30813598632812,141.97882652211422,139.91220569997594,140.49162342261744,11143600
2023-10-20,138.0483856201172,140.16329508492615,137.2468437153606,139.61284747297316,13332000
2023-10-23,136.16525268554688,138.7533511245055,135.90450658635666,138.038734406431,10133400
2023-10-24,136.3294219970703,136.87021780689594,135.54719843388818,136.34874034330142,8881400
2023-10-25,135.58580017089844,136.33905347019177,134.7263180865469,135.74998398600715,8242600
2023-10-26,135.9334716796875,136.81227220440442,134.64907431331204,134.96776070366806,9109400
2023-10-27,131.03732299804688,134.3304009201974,130.55446751628565,134.1855354343211,17434700
2023-10-30,132.70797729492188,133.3067132797203,131.37529166622605,131.76158483027137,9855500
2023-10-31,134.29176330566406,134.46559894040348,132.7562864207683,132.98806235522758,9672500
2023-11-01,134.1759033203125,135.71138044111098,133.72201792200119,134.47527140524505,9432000
2023-11-02,136.5708465576172,136.62878685937528,134.4559371299647,135.28644917151817,10186200
2023-11-03,138.09666442871094,138.8402659785201,136.98610274187268,137.3144409249543,9533100
2023-11-06,139.1396484375,139.24587724134312,137.89387294374154,138.26084785439613,7625100
2023-11-07,139.072021484375,139.3134492095142,137.92283789059871,138.5891660340966,6297900
2023-11-08,139.75770568847656,139.87358630021293,138.69541762895523,139.1686213528477,7618200
2023-11-09,139.34242248535156,140.65578992901166,138.7726565777731,140.4529988872671,7992500
2023-11-10,141.4090576171875,141.45734611531446,139.13964556102775,139.97015762783695,7983300
2023-11-13,140.78134155273438,141.2352268795012,140.1826054772461,140.70408290822303,6676300
2023-11-14,143.3501434326172,144.13236698620625,141.4959800778482,141.65048263906027,9927700
2023-11-15,144.60556030273438,145.01115712601774,143.3694514882767,143.3694514882767,8365300
2023-11-16,146.25692749023438,146.33418613823324,144.94355994541468,144.94355994541468,8126200
2023-11-17,147.5799560546875,147.61857800945185,146.3438324685308,146.98120523899132,7812400
2023-11-20,148.03382873535156,148.47806226709042,146.71080941622716,146.86532670862155,7019000
2023-11-21,147.72482299804688,148.36219583837587,147.3385444657404,147.94693241734404,7083500
2023-11-22,148.07244873046875,148.60359265344832,147.65718539592893,148.1497073679547,5174500
2023-11-24,148.27523803710938,149.14438664704227,148.02415851988158,148.32352652692424,3496900
2023-11-27,147.93727111816406,148.2656093231128,147.47373396202576,148.16903232844294,6259100
2023-11-28,148.27523803710938,148.59392438719362,147.48336279934284,147.96621822633506,6582700
2023-11-29,149.0285186767578,150.2935976448869,148.71948410424227,148.88365319504885,9126100
2023-11-30,150.72817993164062,150.77646843044934,149.08647412121113,149.59829979030536,9869800
2023-12-01,151.46209716796875,152.4471264324071,150.47708263910965,150.47708263910965,8913000
2023-12-04,152.5726776123047,152.63061791135257,150.5350269275032,150.67022587047478,9607500
2023-12-05,152.55335998535156,153.06518561012263,151.58764903512997,151.86769872703917,9135600
2023-12-06,150.95030212402344,153.76052500700163,150.65093403587608,153.3935500676818,9366000
2023-12-07,151.41383361816406,151.91600750529122,150.79577911692363,151.31727135159684,8130900
2023-12-08,153.0845184326172,153.33559799861123,151.59731517670335,151.8677130894911,7366200
2023-12-11,153.64462280273438,153.8377620516064,152.72718558332699,153.0845086660994,8093900
2023-12-12,155.01593017578125,155.14146258261442,153.43216476270194,153.77015476335137,10223000
2023-12-13,155.53741455078125,156.47415541919196,154.29165381841833,155.01593708354534,12379100
2023-12-14,158.36695861816406,159.18780416010924,156.1651386277048,156.28101923701917,13643000
2023-12-15,159.56442260742188,159.61271110399426,156.82180693484167,157.48814987503187,20305900
2023-12-18,160.53013610839844,161.3992848535603,159.95071834720437,160.23076805477777,8469600
2023-12-19,162.67401123046875,162.69332957598328,159.8734552896459,160.30802228245219,10345700
2023-12-20,160.8391571044922,163.60109093252296,160.74258011800148,162.22978319071458,10734700
2023-12-21,161.756591796875,162.32635774785905,159.99899071143636,161.11921900310622,7601700
2023-12-22,161.66001892089844,162.46156083610097,161.49584981569996,161.75659591717084,6574900
2023-12-26,162.61605834960938,162.98303320809595,161.44754167344777,161.7179542829919,4683600
2023-12-27,163.5914306640625,163.65903750431366,161.83384438006993,162.08492392476035,6428600
2023-12-28,164.4605712890625,164.80822780686557,163.2051441561303,163.54314886962018,6320100
2023-12-29,164.26744079589844,164.83720672786006,163.81355546417856,164.17086380531043,6431800
