Price,Close,High,Low,Open,Volume
Ticker,V,V,V,V,V
Date,,,,,
2021-01-04,211.1414031982422,213.5557275326483,207.72840063423934,213.5557275326483,10318300
2021-01-05,207.99014282226562,211.82009771541138,207.14659047826174,209.7354362883176,6869700
2021-01-06,206.1576385498047,209.59974306867468,205.6243670455552,207.3017814095906,7206200
2021-01-07,207.31146240234375,208.67861045211842,205.75039610604404,205.75039610604404,10967900
2021-01-08,208.90162658691406,209.55126088389923,206.28369313480547,207.66053199043273,6513000
2021-01-11,206.41943359375,208.3295587162188,206.02189155820759,207.4569191799195,7353100
2021-01-12,202.51190185546875,206.3224461852818,201.16415015982074,205.88612646129744,9331600
2021-01-13,202.9870147705078,204.58685869538124,202.28889729183248,203.04518876122862,6688500
2021-01-14,195.724609375,204.79042868903508,195.5985558981924,204.1698816259199,12887500
2021-01-15,195.462890625,197.0821310405481,194.33814399545275,195.41440736087873,8755000
2021-01-19,195.53073120117188,197.9644367070732,193.9890613563381,196.87848282316696,9772000
2021-01-20,199.74851989746094,200.89266263170995,196.08341052649928,196.85909825895428,12675700
2021-01-21,198.9049530029297,200.87325178909234,198.52680729512042,199.78729791948862,6513500
2021-01-22,195.8798065185547,199.08919998277716,195.6664920168529,197.78993150514864,7316200
2021-01-25,194.8713836669922,195.51132709218209,189.80034910801223,194.25083650181114,19282400
2021-01-26,195.8700714111328,197.30509871405934,194.8616878421949,195.62766994989656,9605300
2021-01-27,189.04408264160156,193.63031487021564,188.06478590968166,191.63292888124258,13772400
2021-01-28,192.19529724121094,195.8604066372576,192.14681398353574,193.92119469035404,11041300
2021-01-29,187.37637329101562,196.87851574938182,186.94974425241332,191.80748013875424,21503000
2021-02-01,192.3310546875,193.1552257395112,189.0925740646815,189.20892205507778,12970700
2021-02-02,196.4518585205078,198.13897816878892,193.92118644559233,194.74535740599106,11305100
2021-02-03,195.23983764648438,197.3244843390657,194.871382683233,196.89787018610417,13458600
2021-02-04,202.89007568359375,203.30699920346305,196.92700410839015,197.06274837009352,14534800
2021-02-05,202.42465209960938,203.74331687314833,202.31799484605057,203.5978670937425,10284000
2021-02-08,200.60179138183594,204.24750473619002,199.65158161301753,203.61726673335426,8637100
2021-02-09,200.2430419921875,201.31930528015812,197.50874587868935,199.50613193861352,7619400
2021-02-10,200.16549682617188,201.64899305839228,199.68069374910598,201.64899305839228,8467600
2021-02-11,204.5743408203125,205.47746735267896,201.20458291643612,201.3405379261897,8411100
2021-02-12,203.89454650878906,205.03074501538524,201.68039898800552,203.3118737689013,6911000
2021-02-16,201.89401245117188,204.95302162042051,201.35991314582552,204.57428884533041,9652700
2021-02-17,201.5153045654297,202.26306443044447,199.13608479636392,199.33030409665815,8373200
2021-02-18,203.30215454101562,203.6420346018137,199.03897656953774,199.9323971784098,7328600
2021-02-19,198.81561279296875,203.47695000812396,197.8736336441943,203.29243648978922,15011500
2021-02-22,202.3019256591797,204.5646020885049,197.242428952883,197.66972032222657,8337700
2021-02-23,205.982421875,207.73042520778284,200.58304532772402,201.4084810557168,10571700
2021-02-24,213.0909423828125,214.15917072464785,205.18609710717783,206.22519329587058,12039000
2021-02-25,207.5749969482422,214.0814383334333,206.43879874310406,212.95494590479095,11404300
2021-02-26,206.2543182373047,208.9928590808115,204.65199059855954,207.866366472079,11730000
2021-03-01,210.3718719482422,211.50807053306053,208.58501567129488,208.75982343248927,6982000
2021-03-02,209.5366973876953,211.63428661449046,208.6141445809034,210.69232224990134,6155200
2021-03-03,208.6432647705078,210.9156616130441,206.71074798572843,208.93458630059024,6484600
2021-03-04,205.39007568359375,210.75061514125102,202.6418284482981,209.7309451352532,10658900
2021-03-05,209.18707275390625,209.85714187073904,203.57405105293245,207.55559818883748,7582000
2021-03-08,213.9066619873047,219.59737404746053,209.57549964064114,210.71169793362697,14750400
2021-03-09,213.9940948486328,218.50005086032192,213.8290076994741,215.64498115820308,9228600
2021-03-10,216.72291564941406,217.71345336378573,213.0618217539884,214.3436958335262,7822900
2021-03-11,219.6168212890625,221.63673463303877,217.3444243338328,218.04362567667008,10053400
2021-03-12,217.8785400390625,219.9955556398957,216.96569301192045,218.77196069044024,8172400
2021-03-15,216.82000732421875,220.5296444978455,215.33420833561672,217.75226580201777,9306100
2021-03-16,218.20870971679688,219.06329241653418,215.87804848585492,217.24731899757512,8949300
2021-03-17,216.57723999023438,219.70421947093192,215.3536303042332,218.54859468658952,8675600
2021-03-18,214.28541564941406,216.0916831980527,213.23661370330305,215.03316065576698,9321800
2021-03-19,200.9228973388672,213.8095468544586,200.90348578420125,212.78987715123287,32209700
2021-03-22,201.99114990234375,206.1572108491673,200.27227875654353,200.58304148440948,11371600
2021-03-23,202.13681030273438,203.89453419531722,201.50559388762875,203.01081935978343,8820700
2021-03-24,202.0591583251953,205.04046265051863,201.92318850244044,202.7195069718004,10101600
2021-03-25,201.9619903564453,202.7874407746475,199.83525453226025,201.67065404308096,8390800
2021-03-26,207.36135864257812,207.52644575671093,201.69977896999197,202.23389305570385,7399900
2021-03-29,208.31304931640625,209.07051483474706,205.0209830811618,206.31256270037892,7792300
2021-03-30,205.7784881591797,207.9634886862884,205.3026530834519,206.85642234527265,5498000
2021-03-31,205.61337280273438,207.92462222944187,205.43857989717554,206.4096911093409,13180000
2021-04-01,210.59521484375,211.44979760146396,206.16694931374803,207.60419000973482,6138400
2021-04-05,212.7122039794922,214.1397387178623,211.03218564786619,212.28492747197802,10440500
2021-04-06,212.33349609375,213.06182962457876,209.11911981523647,211.3332525635172,7828100
2021-04-07,212.93557739257812,214.65443371246226,212.32377253615496,212.78990180781994,5614300
2021-04-08,214.32423400878906,216.38299978225854,211.80905961422775,213.61532699792403,11042000
2021-04-09,216.0917205810547,216.16941127398255,213.1686656793333,214.61562705139403,5724900
2021-04-12,215.072021484375,215.49931282861894,212.887021052386,213.87755873058944,6315200
2021-04-13,214.63502502441406,215.21768291728765,213.85813301593336,214.61559864925684,4764000
2021-04-14,215.56729125976562,216.6549460375792,213.71247986069392,214.61560629491393,4972600
2021-04-15,219.7430419921875,221.0540480444011,217.39295465734426,217.42208680801735,8698100
2021-04-16,219.86927795410156,221.21912185329052,219.238046818896,220.60731709002454,6829400
2021-04-19,219.2672119140625,221.00550942333246,218.5777311953997,219.2283739823278,6541600
2021-04-20,216.82972717285156,218.86906680459666,215.41191299061396,218.28639410467454,5799100
2021-04-21,220.87924194335938,221.287106873757,216.43155081952628,216.85884212317558,9490600
2021-04-22,220.9958038330078,224.2587235488638,220.33544044909718,220.73359963513283,7303000
2021-04-23,223.35560607910156,225.12303581375062,221.13176765153085,222.0057619220385,5345200
2021-04-26,223.68577575683594,226.22037687055604,222.8894721873897,224.10336132580008,5650000
2021-04-27,223.26821899414062,224.48210820860405,222.3747983104536,224.3558589885451,6642100
2021-04-28,226.70594787597656,229.44448907028615,224.00625943479707,224.27816943477316,10111400
2021-04-29,230.01742553710938,230.63893618294622,226.41459605619184,228.43450935965726,7411400
2021-04-30,226.8126983642578,229.1142268505499,225.57938316053276,228.52186332513133,10260200
2021-05-03,225.89019775390625,228.92978083328373,224.70544079469764,227.28860038234805,8174400
2021-05-04,225.32693481445312,225.67653544578792,223.57893165777924,224.90936410318224,5884500
2021-05-05,222.58840942382812,227.09436489530404,222.05429528882942,227.09436489530404,6523200
2021-05-06,224.63746643066406,224.88995002677453,222.05430689221987,222.996286010991,6124100
2021-05-07,225.4143524169922,226.48258078462388,224.04509673227852,225.62799809051853,4528700
2021-05-10,219.44203186035156,225.29783208647075,218.65543404161662,224.9093934755839,9627400
2021-05-11,218.96615600585938,219.87900293299683,215.62553100356124,217.27643194905565,7633300
2021-05-12,214.25631713867188,218.5000692984014,213.94555437192614,217.1696513959839,7721300
2021-05-13,217.59202575683594,218.7201397299118,214.82033278169538,215.42329152933115,6650100
2021-05-14,220.70413208007812,221.25846187094726,218.73963360050024,219.61491225275122,4777200
2021-05-17,220.21786499023438,220.91808195677777,219.12864519316983,219.96499979483954,5534200
2021-05-18,219.3717803955078,222.88257034124607,219.2356130784361,222.1142845405972,6900000
2021-05-19,218.418701171875,218.67156637613982,215.69563674418728,216.63898422277381,9311900
2021-05-20,220.21786499023438,221.34599397405506,219.05084165916426,219.24534307442482,7478600
2021-05-21,220.53880310058594,223.00900228325307,220.3248470879722,220.6457811068928,5603900
2021-05-24,223.01873779296875,223.78702359408146,221.37517334454895,221.68637264795294,4040100
2021-05-25,222.72695922851562,223.86480801731446,222.14344018012892,223.58276836944208,4689100
2021-05-26,220.83055114746094,223.04789985405944,220.15950867371285,221.78361843796225,4295600
2021-05-27,220.62631225585938,222.14344400034804,220.14977119683158,221.50157600398558,5969600
2021-05-28,221.05421447753906,223.12567588036444,220.90832729963233,221.33623927828336,5779700
2021-06-01,220.40264892578125,223.75784660391582,220.06226031574295,223.1354331646083,5091500
2021-06-02,223.34938049316406,226.70457804086982,222.4935564825701,222.9214684878671,9081100
2021-06-03,221.84194946289062,224.05929799043815,221.51129561077505,222.70749327549026,6382400
2021-06-04,223.816162109375,224.3607719324717,222.44490283653917,223.047876431686,5085700
2021-06-07,224.96376037597656,228.2314195302332,223.75782794559208,226.45171761211333,5421300
2021-06-08,225.67369079589844,226.45171121806538,223.8356251537755,225.7709340739785,4170600
2021-06-09,225.92654418945312,228.39675795036172,225.74176266723885,226.1113257116674,4659000
2021-06-10,227.521484375,227.8229637748885,225.7515023203779,226.69484970425825,4452500
2021-06-11,228.50375366210938,228.9705600221297,227.28810127908287,227.9494090524861,5378300
2021-06-14,227.64793395996094,228.75660836076,225.20690927069913,228.2508928047531,5805800
2021-06-15,226.57810974121094,228.34810642246634,226.22800132291337,227.99799800416878,7093800
2021-06-16,223.29098510742188,227.74512137185596,221.7349444735605,227.20051160185545,8905400
2021-06-17,225.77096557617188,226.92826907519367,222.91176349798005,222.91176349798005,6876700
2021-06-18,224.07876586914062,225.80011888108348,222.9214624786046,224.11766021425262,8840000
2021-06-21,227.88133239746094,228.55236002462559,224.06903359665034,225.09018453117082,7298400
2021-06-22,229.44708251953125,229.6026895835042,226.83101109907975,227.86188192876435,8858400
2021-06-23,228.23143005371094,229.43736253969954,227.51177335229576,228.980276064176,6814700
2021-06-24,229.74855041503906,231.7033138486232,228.94135555772198,230.48766162486336,4611500
2021-06-25,230.7989044189453,231.9270185448616,229.82638251899596,229.90417121222615,7825200
2021-06-28,227.6576385498047,231.82003092168694,225.48891895798195,231.46020258228074,9301700
2021-06-29,229.4665069580078,230.02085148574963,227.71596481711842,228.1244370162463,11897700
2021-06-30,227.39508056640625,229.9041740403753,227.39508056640625,228.64962730339076,7797100
2021-07-01,228.68849182128906,229.75827172065806,227.61872676142485,227.7645990933821,5329600
2021-07-02,232.07289123535156,232.21876357542834,229.34010724153913,229.34982711770905,4383700
2021-07-06,233.01626586914062,233.99850769942495,230.6919389951054,232.91900773803997,8048700
2021-07-07,233.40524291992188,234.416659109859,231.75195875047356,233.65809325752974,4366100
2021-07-08,230.10842895507812,230.55579560045965,228.10503602732138,230.45853746552646,6388000
2021-07-09,231.9172821044922,232.87034934331243,230.89613121457492,232.19930690595234,5615900
2021-07-12,231.33372497558594,231.9561382510246,230.7502208770826,231.0517002205681,7010700
2021-07-13,235.69068908691406,235.81710684341763,231.70334334950402,231.70334334950402,8079200
2021-07-14,239.23068237304688,240.02814266400443,236.1477895394225,236.53679238776655,8693400
2021-07-15,241.7202911376953,241.96342158244465,238.56931523152218,238.56931523152218,10135100
2021-07-16,241.30210876464844,243.57782109708603,240.71860457747633,243.12073465540664,8674500
2021-07-19,233.80397033691406,237.7329518936046,232.33545291637097,237.28560017412508,11474600
2021-07-20,236.03106689453125,237.49958449025925,232.928719597008,234.02767411468417,7072300
2021-07-21,236.96470642089844,240.11566810174915,235.64207595007605,236.60486320166595,11241400
2021-07-22,237.4314727783203,238.60823069125297,236.4686708495572,237.08136433508875,10293600
2021-07-23,242.1774139404297,243.1402011489822,239.97950489244678,239.97950489244678,6766000
2021-07-26,243.3735809326172,243.48055892440954,240.8936473697984,242.36216478799372,4879000
2021-07-27,244.034912109375,245.72710554972934,241.39938608275276,242.34273350852712,7038300
2021-07-28,240.15455627441406,244.5892536886426,239.15285992161708,243.17909992553575,9036500
2021-07-29,241.10760498046875,243.50001515874007,240.31014481404839,241.29238649840295,7495300
2021-07-30,239.6196746826172,241.6328021750018,239.24039172833545,240.41714977800825,5804700
2021-08-02,233.1912841796875,241.02008791163533,231.82002483220543,239.4737817569882,9989500
2021-08-03,230.57522583007812,234.75707318780502,227.5993110339654,234.01796184717477,9839000
2021-08-04,230.166748046875,231.02257203685846,228.59126737395636,230.4876820431188,8171800
2021-08-05,233.60948181152344,233.64837615642287,229.9333355395265,230.10839719033868,5337500
2021-08-06,234.7667694091797,235.93380750453736,233.26909228474588,233.40524475060352,4509700
2021-08-09,233.40524291992188,235.52533342014843,231.50882828909866,235.1071561495463,5226900
2021-08-10,231.52830505371094,234.70844110860108,229.08726549045346,233.90124611879347,7185700
2021-08-11,228.60098266601562,231.8103077245877,228.13417633516144,231.53800279496394,7375700
2021-08-12,225.72811889648438,227.9874523633761,224.97826697594633,227.77320471186965,9867000
2021-08-13,226.56565856933594,227.1694542402503,225.34834895987305,225.93266351630982,5445400
2021-08-16,229.20477294921875,229.32162990672492,224.17971574016087,226.13715893680032,7575900
2021-08-17,228.396484375,229.5066700831847,227.1207463522313,228.85419395168222,6850500
2021-08-18,225.57232666015625,228.22119334814377,225.4165074762193,227.80243114878007,4996500
2021-08-19,225.51388549804688,226.35138013020247,222.91369944900768,223.05003751235097,5761300
2021-08-20,225.30938720703125,226.08846827929867,224.27711110166447,225.80604414648067,5522200
2021-08-23,228.0166778564453,228.51333478596143,225.9326445741593,226.61433492635842,6342000
2021-08-24,228.1140899658203,230.01309000361434,227.83166581214988,228.89315623587365,5081800
2021-08-25,226.50723266601562,228.8542091861336,226.01057568920197,228.8542091861336,5277100
2021-08-26,224.49134826660156,226.54616725446394,224.13101455743922,226.05924346454142,5889100
2021-08-27,226.6046142578125,226.95520000960832,224.2089424772517,224.97829044967898,6369000
2021-08-30,225.18276977539062,227.55896022717783,223.90703183440684,226.60459376792605,6448000
2021-08-31,223.10848999023438,225.77682289068477,222.67999467081563,224.87115175987833,9405100
2021-09-01,224.101806640625,224.74454962779055,222.78712128658847,223.10849278017125,8177600
2021-09-02,218.31716918945312,224.5205891128444,216.15524097694603,224.403717284793,19708800
2021-09-03,219.2228546142578,221.35558343801313,217.50888802526634,218.1418830813847,11532000
2021-09-07,220.35250854492188,222.03726079284334,219.9532274482122,220.8102181221772,9662600
2021-09-08,223.09873962402344,224.199192149906,221.10234910333912,221.43346857555258,10652600
2021-09-09,221.54058837890625,223.9849404227105,221.1607884221441,223.31298322388486,5853000
2021-09-10,219.02809143066406,224.02392006484527,218.9404487033377,223.83890148262404,6715400
2021-09-13,218.75538635253906,221.2581669026678,217.5672911177786,219.63184322945128,6808100
2021-09-14,217.19723510742188,219.90453032228126,216.46684938701586,219.11571612180046,6575700
2021-09-15,217.95681762695312,218.9598794139335,215.57089410316232,216.70056082666414,6535800
2021-09-16,218.46324157714844,219.31048426384092,216.92456053184628,218.00553200026647,5928500
2021-09-17,215.95071411132812,217.84971403686504,213.5647903659235,216.63240448719577,13787400
2021-09-20,214.2952117919922,214.73344033092397,210.65301566317734,211.28602565029055,8822600
2021-09-21,214.41204833984375,216.35974375813882,213.25316718840028,214.97688179431773,7033600
2021-09-22,216.924560546875,218.23926079711393,215.31771789412574,215.60986029663604,6005900
2021-09-23,222.33914184570312,222.71894181303713,218.4924468207079,219.11570868658256,7952700
2021-09-24,225.53335571289062,225.88394143332397,222.64102723424915,222.94291760411835,6461200
2021-09-27,223.59539794921875,227.2278450610536,222.7871027193415,225.65994994955372,6881100
2021-09-28,219.6610870361328,222.88452057788385,218.14188698646356,222.88452057788385,6951400
2021-09-29,220.7517547607422,223.03056931349525,220.177188274506,220.86862657096944,6432700
2021-09-30,216.924560546875,222.80659371994093,216.80770358587085,221.6282464038543,7128500
2021-10-01,224.43295288085938,225.50417646079447,217.62575194455113,218.30744237900745,7925400
2021-10-04,218.8527374267578,224.3062891940387,215.03525713355444,223.98491774627823,10283400
2021-10-05,218.4145050048828,221.43343804526404,218.06391932832068,219.58311897351228,5814000
2021-10-06,220.58624267578125,220.69336651984085,215.46380899560572,216.23314215949785,5420900
2021-10-07,224.5205841064453,225.11463178169376,222.51446027651204,222.92347451623021,6561900
2021-10-08,224.24790954589844,226.643566518438,224.1602519612552,224.95881419192597,3735200
2021-10-11,219.2228546142578,224.2966076295687,218.98912581859403,223.9947023627685,5620200
2021-10-12,218.19056701660156,220.30381461516458,217.09011442675967,219.66107160553645,5448200
2021-10-13,216.6421356201172,219.9532113937377,212.91229766692555,217.29461170481216,9076000
2021-10-14,219.291015625,219.74872522791918,217.22646327803614,218.25873945151807,5590500
2021-10-15,224.9490966796875,225.04647253865357,220.80049576261297,221.27768650868012,6355100
2021-10-18,224.61793518066406,226.67275413955733,222.17358313921844,224.16022563581097,5580200
2021-10-19,227.4128875732422,227.52974452594444,224.64714919483384,225.8839397632929,4409700
2021-10-20,225.36781311035156,227.6855751874208,225.26068927839285,227.3544705649067,5401800
2021-10-21,224.21868896484375,224.79325551374797,220.38172683466075,224.6666505637489,5982200
2021-10-22,225.18276977539062,226.73119870732387,222.7286845944575,224.26735068071181,3788000
2021-10-25,227.76348876953125,228.7178552875043,226.2150597423246,227.34472656099877,4938700
2021-10-26,225.7573699951172,230.76294633590575,225.28017929576066,229.37033646539862,7814500
2021-10-27,210.1368408203125,218.8722552671391,210.01998385960115,218.8722552671391,22958100
2021-10-28,204.35215759277344,214.23671871870212,203.54386237764743,213.5160662129945,23199400
2021-10-29,206.23170471191406,208.08200915687252,203.08616635185612,203.73865730238637,14329800
2021-11-01,206.9036865234375,209.62071503720364,205.92009084741022,207.90674845423266,13210300
2021-11-02,203.67050170898438,207.77040695003777,202.38503050786298,207.58537351463528,14688700
2021-11-03,202.6576690673828,204.65404453857323,201.323487898472,204.20608301361935,11486700
2021-11-04,203.31993103027344,206.80630774084975,202.43372601590823,203.68999792852205,11368200
2021-11-05,211.0035858154297,211.93848617424595,205.83245674817036,206.40702334236872,14273600
2021-11-08,214.7236785888672,215.8143832265952,212.4448637425623,212.65911141922118,13500100
2021-11-09,207.80935668945312,214.64577159169755,207.35164708920504,213.94460007045524,11535000
2021-11-10,210.29214477539062,211.64817537567026,208.1166456582287,208.33127049158765,10063600
2021-11-11,205.2777862548828,211.48236213756311,205.02414545426433,211.1799402521611,13546900
2021-11-12,206.90695190429688,208.36054471977354,206.263077377772,206.33137386659837,7660500
2021-11-15,207.11181640625,211.11161169072437,206.6337856654143,208.39955051073954,9596900
2021-11-16,209.9214324951172,210.37994784451175,206.487464834237,206.97524585394223,8719600
2021-11-17,200.04873657226562,202.24375101997128,194.58559843395713,200.91698613614454,38379600
2021-11-18,198.3610076904297,202.79005227330123,196.35135250977416,201.4535372015998,18292200
2021-11-19,195.95138549804688,198.52686860341208,194.96607322901107,197.10254152211473,18032600
2021-11-22,190.8004150390625,196.7708496308624,189.84436846067828,195.1123972315729,21185800
2021-11-23,193.63931274414062,194.05879727192035,189.62975220435877,192.15645429010308,14742700
2021-11-24,198.28297424316406,198.96586465821252,192.81007089002028,193.32711755326372,12026800
2021-11-26,192.81980895996094,194.32218266397462,187.8444520626936,188.59563891470043,10987600
2021-11-29,191.49305725097656,196.33185129097257,190.58579174179306,196.08796079247446,14633500
2021-11-30,189.03465270996094,192.82958829054843,187.8542161414042,190.49799570842748,16023000
2021-12-01,185.5128936767578,192.00037572824985,185.45436233213266,191.23943847633006,13204900
2021-12-02,193.44419860839844,194.5661039337629,187.16159130712086,187.30791966500072,13976300
2021-12-03,191.52235412597656,193.61980663743216,189.29805889511232,193.4246971991868,10660500
2021-12-06,197.72691345214844,199.22928737794797,192.907649324413,193.9124770669107,10722100
2021-12-07,202.3022918701172,202.85836936824822,200.85846424466956,200.96577666259512,11897200
2021-12-08,203.88272094726562,204.36073683126077,200.68287857083854,202.58522161690104,11749200
2021-12-09,206.22402954101562,207.01423229863843,202.10715713023865,203.42417165020552,10176800
2021-12-10,208.18492126464844,209.01415490474267,205.7070003770649,206.72157828981943,8882700
2021-12-13,205.86312866210938,208.10692457994054,204.84853569197318,207.2581753886753,8844300
2021-12-14,204.84848022460938,208.15563441577768,203.3558717330312,205.58015163757486,9832300
2021-12-15,207.12156677246094,207.29717567391828,202.78031883005906,204.28267776704163,10892500
2021-12-16,209.1312255859375,210.9848023565561,206.4386797680887,210.0287408585538,8548400
2021-12-17,206.70208740234375,207.999586686809,202.7120273917209,207.59960268243123,11578400
2021-12-20,203.63885498046875,204.64368283582763,201.80479331706536,203.9802928122125,9434400
2021-12-21,210.11654663085938,210.87748379385795,205.21922126226002,205.4631117602953,6993700
2021-12-22,212.6334991455078,213.5895457333015,208.62393874750097,208.62393874750097,6003400
2021-12-23,211.3262481689453,213.17982501005534,211.3262481689453,213.10177825913428,4798200
2021-12-27,212.3115692138672,212.78958508128235,209.62877363311753,212.36033540661919,4818400
2021-12-28,212.72129821777344,214.3602352413318,210.31165887398157,210.73114339100132,4279800
2021-12-29,212.83831787109375,213.5895046313248,212.01884952496454,212.43833395718835,3223100
2021-12-30,212.5457000732422,213.79441831226455,211.84329420305514,212.6432622330609,3812800
2021-12-31,211.41404724121094,212.6530002614411,210.22386041218917,211.51159450952247,4723300
2022-01-03,216.01869201660156,216.6333008557415,211.70670965308605,212.20425581273082,7694500
2022-01-04,217.0235137939453,221.24768385702708,216.38938960704317,216.57474875573928,10629300
2022-01-05,214.62364196777344,219.7648579229611,214.5455952207505,217.19912507595092,9594600
2022-01-06,214.37977600097656,216.48699375407918,212.23354231284463,212.47743284299364,7877500
2022-01-07,211.65794372558594,214.8187551630745,210.370194705946,211.99938150317274,10702100
2022-01-10,206.7898712158203,208.96537023291705,201.4535460685565,208.7507454094301,11978600
2022-01-11,209.14097595214844,209.69703852390793,203.63880714043776,206.25330602555482,8803100
2022-01-12,210.43849182128906,212.2627880519971,208.584915034688,209.23853980779785,6923300
2022-01-13,209.7458038330078,215.09187875800376,209.4141163670025,211.55059926220716,8867700
2022-01-14,209.42388916015625,212.91640284653505,208.48735799232742,208.93610816852615,8838100
2022-01-18,210.43849182128906,211.60916327888725,209.0922114578088,210.60433557990842,9099300
2022-01-19,209.43365478515625,212.89690305697331,206.92646804491508,207.79471767827582,9399800
2022-01-20,209.11172485351562,214.23342545636413,208.71174085286884,209.47267803727757,8532700
2022-01-21,200.89749145507812,210.33118984318685,200.79019391702354,210.19461174778579,16200200
2022-01-24,196.91717529296875,197.76590938172265,190.86867960967209,197.23909762009433,16054000
2022-01-25,197.06350708007812,200.36091112044852,192.17594723864735,194.74166495594574,12125500
2022-01-26,200.83892822265625,205.7069875748788,198.69269497032354,199.28778833848747,10817600
2022-01-27,201.1121063232422,205.8045721868667,200.81944962325946,204.3802450747381,12009800
2022-01-28,222.42811584472656,222.5451785106326,210.81893505104776,215.2479795799172,26425300
2022-01-31,220.64285278320312,220.8477273502386,216.62354216080098,220.0380091148324,12380600
2022-02-01,226.6815643310547,228.87657861236448,220.88672424665393,221.3549897919499,12247200
2022-02-02,229.6668243408203,230.08632377817585,224.3890298865989,225.64751331276952,10590500
2022-02-03,225.88162231445312,227.78398015167082,224.91582544695584,227.3449653363775,9968000
2022-02-04,222.80862426757812,224.59390467159798,219.45268830937007,222.91593669249394,10848100
2022-02-07,221.60865783691406,224.30120348067516,220.48675265425967,222.42812630859427,5984500
2022-02-08,222.36961364746094,222.91592600779367,219.25756835996336,220.73066168056735,7542000
2022-02-09,225.22801208496094,227.4522924309475,224.49634052678388,224.506105674533,7772800
2022-02-10,220.4351043701172,224.6954758635281,219.73155568972896,222.81935101919782,6794600
2022-02-11,219.55563354492188,223.86486465199945,218.4319031344673,222.0571328539402,7535200
2022-02-14,220.1907958984375,222.06692056256364,217.71860962929367,218.18763706779686,8280800
2022-02-15,222.6141357421875,224.05053133495446,219.77062801933346,222.07670070537625,9461700
2022-02-16,223.59129333496094,224.62706913022197,220.44487163042425,222.3014491981434,9561300
2022-02-17,219.47747802734375,223.58150160339932,219.04753000230792,223.18086686096927,8131200
2022-02-18,217.60133361816406,220.5816413298971,216.77075092616718,219.46769196175399,8121200
2022-02-22,216.2626495361328,219.21362913152896,214.8946318275,215.9695018192749,9928800
2022-02-23,211.01536560058594,219.15502018115464,210.49747772023557,217.7479229552542,8669900
2022-02-24,212.33450317382812,212.88170428617343,196.8466839192167,198.72280840873435,13463400
2022-02-25,214.25949096679688,215.63725988948596,209.354198226746,212.32472498069245,8463600
2022-02-28,211.1814422607422,213.65362809824472,208.36726321096265,211.06418914911703,8409400
2022-03-01,204.19483947753906,210.23361348831557,202.5434551868574,209.5789254098409,9317800
2022-03-02,203.71604919433594,205.72897404365884,201.47838421691426,202.17215175890558,8865700
2022-03-03,202.49462890625,206.66706025502492,201.8399407173508,205.73877147703695,8610000
2022-03-04,195.71319580078125,201.65426439490906,192.3615813884156,200.31557483674834,10912300
2022-03-07,186.3423614501953,195.60573228751548,185.70722039336567,195.27350511656195,13412400
2022-03-08,187.3292999267578,191.93166480621704,182.4044590771393,185.66813417923677,11070900
2022-03-09,195.19532775878906,195.9184235675273,190.77862390791057,192.009826588624,8457600
2022-03-10,193.4462432861328,195.37122855190177,191.81440578507105,192.40068640437067,7061600
2022-03-11,192.21502685546875,196.2506429370095,191.97073955399065,196.16270308690466,5432100
2022-03-14,195.75228881835938,199.75859134246352,193.6318769757991,193.88593038431577,7994700
2022-03-15,201.42953491210938,201.69336937018215,196.79784234979329,197.47207768147177,8277700
2022-03-16,207.02859497070312,208.7874665020036,202.2698831669489,205.20133074907858,9232300
2022-03-17,208.57249450683594,208.66043435672444,203.9505829490732,205.13292513565472,6668500
2022-03-18,214.1031494140625,214.24971582153242,205.48468681212722,206.86247068279513,14620800
2022-03-21,212.08041381835938,213.07710997985814,209.6473223345528,211.39641249580552,6101500
2022-03-22,213.47776794433594,214.55263793285408,212.21723723869988,212.86215923181078,6259900
2022-03-23,209.77438354492188,212.324743558746,209.30535610275695,210.3802261890865,6008000
2022-03-24,212.3442840576172,212.68629223166258,209.1099226858053,210.07730573316073,5487000
2022-03-25,213.43865966796875,213.9272341925872,210.76128081553077,213.42889354511644,5051400
2022-03-28,215.7252197265625,215.93041269621756,212.53970398896135,213.50708700481593,4316800
2022-03-29,222.90725708007812,223.58149237240053,218.66643339024853,219.70220909319087,8032500
2022-03-30,218.8325653076172,220.9920716489117,217.6404420638442,220.67937674098454,7084000
2022-03-31,216.70236206054688,220.75752489852988,215.40275195646666,218.79346055723627,10759500
2022-04-01,221.18746948242188,221.45130391259525,217.15183895354667,217.98242164737195,6559600
2022-04-04,222.53599548339844,224.00171948960568,219.81952151803694,220.60122905992165,8521200
2022-04-05,220.9236602783203,223.7574019201493,220.16148509089027,221.64675605798294,4658000
2022-04-06,214.00543212890625,217.77722848229294,213.62434455297318,217.68928863633445,7430000
2022-04-07,211.21078491210938,213.68297109342328,208.79722529476138,213.32143067555842,6995100
2022-04-08,212.02183532714844,214.39631570456575,208.21095930180456,209.9014232914967,5438600
2022-04-11,209.84278869628906,212.33452211451913,208.53341235921906,210.33136329162383,6942700
2022-04-12,206.56935119628906,212.03162698647324,205.8853496844036,211.5528184730961,7446600
2022-04-13,208.39659118652344,208.9633394495343,202.43597575667795,205.62147643141643,8052900
2022-04-14,207.9275665283203,211.01536150183424,207.67351311028935,209.37375804357913,8191600
2022-04-18,208.29888916015625,210.89810956048765,206.68659897527598,206.83316538840575,4744400
2022-04-19,210.77105712890625,211.56254551143786,207.58555644201883,208.2304784241231,5028800
2022-04-20,212.81329345703125,215.77406891294913,212.42243978561524,213.66342330303436,7178300
2022-04-21,211.50392150878906,218.80322654057406,210.42906643573002,214.49399539455888,8850300
2022-04-22,203.4131317138672,211.61141228233203,203.19815771339773,211.29873231535706,6201100
2022-04-25,205.15245056152344,205.71919882873286,200.63802649079128,201.63472274761557,6839400
2022-04-26,196.5046844482422,203.79420817959468,196.5046844482422,202.25031085579636,8155300
2022-04-27,209.21739196777344,216.7316708451284,208.18161631941976,212.40289262914004,15955800
2022-04-28,215.61773681640625,219.79015298643708,214.2595000829785,215.3636684928143,10799100
2022-04-29,208.25979614257812,216.14538176597594,207.49762102388874,213.62433525411402,7965000
2022-05-02,206.69635009765625,207.29241165131117,202.23078641708756,206.9308712517558,8803700
2022-05-03,203.7942352294922,208.7288416827285,201.5565701168572,208.7288416827285,6616900
2022-05-04,209.61805725097656,209.8916578429023,200.63805343066798,204.56619751490743,7191100
2022-05-05,200.5500946044922,209.67666398198114,198.4296827626203,207.4194518570889,7749600
2022-05-06,198.18539428710938,201.01912080840972,195.64480057758237,199.09413582383164,8825300
2022-05-09,188.58981323242188,196.16272024045955,187.69083767358475,195.47871871853073,10314100
2022-05-10,189.1565399169922,193.23125020543557,186.6061799626297,192.2150216194194,11016500
2022-05-11,192.2248077392578,193.78825255280717,187.02636640780378,189.06861973665485,9427300
2022-05-12,189.8996124267578,191.94575096385657,185.96396645836072,190.44785864353173,9308600
2022-05-13,195.04925537109375,196.33176329570915,192.37654721849722,192.86605497223388,6684500
2022-05-16,193.65907287597656,195.74438087819007,191.76957994406087,193.17936479408735,5161300
2022-05-17,199.71914672851562,200.50236205634542,195.9499313662915,198.59328496504082,7265600
2022-05-18,195.79331970214844,201.1485358047495,194.95136575534303,198.56393542316403,8748200
2022-05-19,193.2283172607422,196.21431803042032,189.25351604607937,192.22973203698902,9012400
2022-05-20,194.85345458984375,197.42827014602753,189.94859229209717,195.48002391493668,6966600
2022-05-23,203.20443725585938,203.59605238522255,196.55692915743506,196.6646214506862,12187400
2022-05-24,198.37791442871094,200.37509946448907,194.8534526731132,199.63105306656993,7458500
2022-05-25,199.56248474121094,200.64919237389176,196.26320780226862,196.38068486355672,5457200
2022-05-26,204.1736602783203,205.33869096950545,200.37507582744894,200.80584498438353,9212300
2022-05-27,208.4127960205078,208.7554424356617,205.24078085485687,205.59322698437364,4897200
2022-05-31,207.7176971435547,209.8519584992203,204.72191238783316,205.96526613772573,9586400
2022-06-01,205.5247039794922,209.61699628339034,204.4380111830332,207.6002268688249,5246100
2022-06-02,210.53729248046875,210.7330925985331,206.65059963559665,207.4435998238416,5337200
2022-06-03,208.1876220703125,209.7148986664653,206.836590955555,208.48132968259534,4352500
2022-06-06,208.47154235839844,213.01417323193854,207.63937329019944,210.9288656426657,3965100
2022-06-07,209.99880981445312,210.4589482618144,206.29813268274017,206.68973287945235,4493300
2022-06-08,209.01980590820312,211.04637513132613,208.36386732632116,209.2743445562408,3646300
2022-06-09,201.78488159179688,209.2254052304049,201.696773783679,208.12889773232737,5138600
2022-06-10,195.32337951660156,199.15133375565262,195.00030260485286,197.41847211576092,5162500
2022-06-13,188.2255096435547,191.7793405943388,187.0702785548183,188.94020169532274,7119200
2022-06-14,189.4590606689453,190.26184551310834,187.72619926218175,188.6758453766134,6441200
2022-06-15,192.0436553955078,194.65762459764346,188.19611728683057,191.86742486374953,6490000
2022-06-16,185.08287048339844,187.84368623470652,183.59476284334156,187.3933475014118,9887200
2022-06-17,186.02273559570312,187.29545877323076,182.00878088330543,183.0073659687546,15089300
2022-06-21,190.3108367919922,192.60172964940466,189.664682928027,191.60314451992258,6241600
2022-06-22,189.75277709960938,192.26883897718164,187.02131569456992,187.23670028344722,5138500
2022-06-23,192.5135955810547,193.3163954126156,189.3905339363556,192.02408786090976,4752800
2022-06-24,201.1974334716797,201.32471024390398,193.3653108946928,193.58069546064704,7754800
2022-06-27,199.2884063720703,202.74433012751706,198.35834457140135,201.4324528533696,6121200
2022-06-28,193.96255493164062,202.4506179113847,193.35557007428838,199.71917111470802,4354200
2022-06-29,195.3135986328125,196.42967574174207,193.1793519435894,193.1793519435894,4324600
2022-06-30,192.7583770751953,194.67725418623556,188.80316070237942,191.2702692098126,7045200
2022-07-01,195.0002899169922,195.60728965347565,190.6241046044595,192.66044359195743,4131800
2022-07-05,196.33172607421875,196.36111027737599,190.0660339897056,192.11217242714633,4110200
2022-07-06,196.8996124267578,198.26044351138336,194.50102719770317,195.80311973658254,4111200
2022-07-07,198.54432678222656,199.16109632808104,195.84223470834957,198.2897732166645,4650700
2022-07-08,199.29815673828125,199.8170336650732,196.2534184821646,198.0743875829062,3621800
2022-07-11,200.7569122314453,202.40166600831148,197.76112724845024,197.76112724845024,5353600
2022-07-12,200.5219268798828,203.75266551509202,198.50514275349138,198.98486564264962,6779500
2022-07-13,199.86599731445312,201.2562123936559,195.31358146624,196.22405866044656,7597300
2022-07-14,201.58905029296875,201.75548110652682,193.8254509538663,195.80306610432473,5605500
2022-07-15,205.63241577148438,207.2673848559102,202.83243075237735,204.9764771576652,7245700
2022-07-18,202.8617706298828,208.44215495515368,202.3037247280616,207.0617397714164,4648900
2022-07-19,209.17642211914062,209.61697603650688,203.5372841733688,203.8505762541733,4927100
2022-07-20,208.89251708984375,209.63657837581357,206.777855118714,207.55127073384642,4460300
2022-07-21,211.65333557128906,212.3484281194985,208.26593581265533,208.67712047608677,4801300
2022-07-22,209.21560668945312,213.49391452803758,207.6687604265839,213.35683801874146,5071500
2022-07-25,209.77366638183594,210.29254342899196,207.17926620746405,210.07715881259605,4357200
2022-07-26,208.031005859375,210.63517569707025,207.30652902232518,209.36246751699116,6141000
2022-07-27,206.05337524414062,212.2994983617011,196.9778981795247,206.34708285586538,17432200
2022-07-28,206.9149169921875,208.25616335020138,203.55688630106675,206.21980946429005,7477100
2022-07-29,207.6589813232422,209.66596611515487,205.42682714585956,207.551289019132,6059700
2022-08-01,206.92469787597656,209.4995131873731,203.20443632628832,204.07575944457463,8028400
2022-08-02,201.93170166015625,204.45756306763306,199.65059409132735,203.43939367183694,9939400
2022-08-03,204.10513305664062,205.91631758106442,202.53871732877815,203.62542505571443,9520100
2022-08-04,208.99044799804688,210.3708634912686,204.17369334588204,206.11213992744544,6789700
2022-08-05,211.34005737304688,211.41838040055177,206.0827492624718,206.28834907699593,5553700
2022-08-08,208.8435821533203,212.08412089005876,207.60022835384456,210.7134903022285,4063400
2022-08-09,205.84779357910156,208.9708554131685,205.3485010521714,207.55128592639016,4596800
2022-08-10,207.64918518066406,210.33167798216482,206.87575460113487,210.3218932054508,5746400
2022-08-11,207.01658630371094,209.38999806915743,206.53601370761024,209.18403410938618,6639600
2022-08-12,207.2617950439453,209.11541101298153,206.0554773409344,208.89964492430644,6443700
2022-08-15,212.2537841796875,212.5676311721342,206.32024729354535,206.32024729354535,5290600
2022-08-16,212.95994567871094,213.42089914058442,208.04639607465174,210.4198080671441,6564400
2022-08-17,210.39036560058594,212.01839823209622,208.65443497136275,210.86112112264624,4902500
2022-08-18,211.1063232421875,211.84188534407664,208.3406025558606,209.75288418589568,4516400
2022-08-19,208.72311401367188,211.0867089153088,208.30138395040123,209.9882742733846,4178800
2022-08-22,204.59414672851562,207.18332472050363,204.19203585578947,205.89854531427784,5139500
2022-08-23,202.81903076171875,205.2709048885165,202.55422416581004,203.99592734957125,3525500
2022-08-24,202.69146728515625,204.33913398243078,201.72052003684905,202.65224389559978,4230800
2022-08-25,205.78085327148438,205.8691171288668,202.52475796981173,203.39762436681815,4495000
2022-08-26,198.98426818847656,206.2123873139036,198.79792338651006,205.73182962993735,5060200
2022-08-29,198.43505859375,200.03368515185718,196.7579702756998,197.3758472820947,4476200
2022-08-30,197.5033416748047,200.4750115013595,196.35586654064443,199.9944388526736,3918200
2022-08-31,194.88473510742188,199.25886939325002,194.81607546082645,197.13064482453237,6559000
2022-09-01,196.2773895263672,196.57160238529437,192.87418778432092,194.89452922921436,5608300
2022-09-02,193.95301818847656,198.58215708429617,193.0605475056136,198.54293368842139,4508100
2022-09-06,194.8160858154297,196.18912916982262,192.61920148335076,194.09032577665045,4547800
2022-09-07,196.56182861328125,197.26796950659622,193.42343295690975,194.88475521544643,4098300
2022-09-08,196.8462371826172,197.23853099351427,193.16842658652092,193.59994379248786,4377600
2022-09-09,201.24978637695312,202.42668273698402,197.47390993164365,198.18005074067202,4885600
2022-09-12,202.65225219726562,203.20146946384003,201.00458543249428,202.5247499871508,3812300
2022-09-13,195.8262481689453,199.5530992105657,195.04164558675427,198.1604367355751,5217900
2022-09-14,195.57125854492188,197.01296148617763,194.24724075314023,196.14989714990222,4632800
2022-09-15,191.60902404785156,196.45392894752203,190.78519806366987,194.2766638714349,6099300
2022-09-16,189.57887268066406,190.08886658757507,184.59666365250803,186.5581625628821,9398200
2022-09-19,189.41213989257812,190.2555849906842,187.038728096756,187.90177740838772,8133600
2022-09-20,188.37255859375,189.3140697080592,186.62681076274671,187.42123040707236,5292500
2022-09-21,183.41978454589844,189.37292651682057,183.4001653647362,188.82370916468184,6705900
2022-09-22,182.2134246826172,183.60610200170342,181.10518803538275,182.76265691798483,6604700
2022-09-23,180.41867065429688,181.02673050846457,178.7219633756538,179.93809804903776,10755800
2022-09-26,177.11354064941406,180.9482746135958,176.43682113043505,179.51637382335986,9914600
2022-09-27,174.44590759277344,181.29154983116962,173.61227950245848,178.99658464330045,9799600
2022-09-28,175.73068237304688,176.63298505223423,171.46443116918894,173.8476451915783,9751000
2022-09-29,176.59375,178.73179166064287,175.28935138821848,175.38743232280788,9105200
2022-09-30,174.23013305664062,179.39868682611026,174.1811075563908,176.59374281258002,9472300
2022-10-03,178.1531524658203,179.83024080630636,174.72052898890624,175.88762336546515,8842300
2022-10-04,182.07611083984375,182.6253430464787,179.54579068610826,181.48767020887752,7081400
2022-10-05,184.0572509765625,185.18512184448332,178.84947369269855,179.81060398171383,6119900
2022-10-06,182.01731872558594,184.42996937993388,181.68386744577288,183.05691093032758,5163000
2022-10-07,180.29116821289062,181.05615156557155,178.4277353302959,179.91847864336196,5610300
2022-10-10,178.6729278564453,181.22288241587108,177.41756975597232,180.58540125853915,4743800
2022-10-11,175.69146728515625,178.14334106939984,174.75975824015367,176.8977849967901,6294500
2022-10-12,174.8087921142578,177.11354440547098,174.78917293451002,175.64242019042237,4884300
2022-10-13,181.10520935058594,181.80153312703473,171.23887160671126,171.63116542738243,8426400
2022-10-14,179.10446166992188,183.52765131396941,178.56506143873972,183.19418512399517,6449400
2022-10-17,181.68385314941406,184.93994882093006,179.33006022823534,182.4194153079137,13952100
2022-10-18,183.56687927246094,186.52874690674258,182.16441469243406,185.84222526039903,5209200
2022-10-19,182.82150268554688,184.02782028003122,181.20325716606933,181.9192150163754,4927000
2022-10-20,183.6159210205078,187.30353372162548,182.8411205416909,182.8705567942855,5706700
2022-10-21,186.7052764892578,187.2741129919046,181.48769696006116,182.22325908097596,7582500
2022-10-24,187.03872680664062,189.41213858609194,185.45971965590482,187.72524840151524,7299200
2022-10-25,190.6381072998047,191.4717354600598,187.04856026138611,187.1956667117103,11907200
2022-10-26,199.41580200195312,202.3972739626844,192.71728097431716,192.795742731843,15450000
2022-10-27,200.35733032226562,202.34826578927084,197.70930938043523,199.40601697278123,7946700
2022-10-28,205.31005859375,207.4480998883483,199.39614140470303,201.0536101461692,8455600
2022-10-31,203.17205810546875,205.58469335365737,202.2305320560215,204.89817173689838,8674100
2022-11-01,202.9464874267578,205.92797429563274,201.3772972013419,204.88838221709534,5919500
2022-11-02,197.0815887451172,203.0151256023501,196.7187162562859,201.79899096011673,6985600
2022-11-03,191.00094604492188,195.02202457925532,190.44191170254285,194.4629902368763,8236200
2022-11-04,193.18804931640625,197.57200116430886,191.57962059349921,193.20766849834627,9680100
2022-11-07,196.24798583984375,196.58143708656405,193.37438195121257,194.50225288342554,7821300
2022-11-08,197.89561462402344,200.1905646503208,195.8948924135446,197.77792948371538,6943700
2022-11-09,190.6218719482422,197.89564934672148,190.03211594198692,197.27639129157873,7320200
2022-11-10,202.0633087158203,202.2500550181283,196.607979922392,199.6256027874516,8048900
2022-11-11,201.50302124023438,202.90862048180185,198.7016317748124,202.4859628072599,9601000
2022-11-14,203.331298828125,205.60189151154762,199.74356800777733,200.02861447082887,5796100
2022-11-15,206.4079132080078,210.08410521477833,203.97020722662677,206.4079132080078,7316100
2022-11-16,206.5553436279297,207.29254981509493,204.66809758860649,205.02195715838573,6125300
2022-11-17,207.39085388183594,207.67590034690667,203.78346000446575,204.41254202943088,5385600
2022-11-18,207.2041015625,210.51661010338177,206.16218581958165,209.5336684593457,8028500
2022-11-21,202.80052185058594,206.95836069567002,202.37784915557333,206.7126252911391,10450900
2022-11-22,206.7421112060547,206.88954644856523,201.84706617422154,203.99969570736897,5273100
2022-11-23,208.11822509765625,209.19946687954743,206.33910316440705,206.41774029386266,3807300
2022-11-25,210.14305114746094,210.34947545635944,207.78399760903127,208.09854608002007,1993500
2022-11-28,207.65621948242188,210.81146835133768,207.05662455711067,208.63916099942406,10229400
2022-11-29,205.4937744140625,206.5651771892772,203.81295262881727,205.7788358854309,8986900
2022-11-30,213.29830932617188,213.29830932617188,204.46165968320003,204.66808400124157,13918100
2022-12-01,213.29830932617188,214.92015683086598,211.62731174589672,213.29830932617188,11261500
2022-12-02,213.94705200195312,214.753056238432,210.58539384801043,212.04996709432487,5132800
2022-12-05,210.03494262695312,213.2098546236379,209.41569965113504,211.97133867500628,9006300
2022-12-06,205.513427734375,208.51140255873696,204.09798945674194,208.38361535357618,5986000
2022-12-07,204.26507568359375,205.45444152686147,201.63079959879863,205.23819319172188,7923800
2022-12-08,205.53309631347656,206.71262324384327,204.20611914275236,205.93609097405695,4896500
2022-12-09,205.13990783691406,206.9288687387455,203.98004395431886,204.36339057635436,4928400
2022-12-12,210.92942810058594,211.1555154608124,205.89677205707835,206.41772988977746,5941700
2022-12-13,209.40589904785156,216.22751703713246,208.99306532208104,215.79502027722984,14585000
2022-12-14,209.68109130859375,212.5905897956324,208.01991774745812,209.21910759637862,7001700
2022-12-15,204.36337280273438,208.20667770382192,203.29197015721292,206.02454635324776,10831800
2022-12-16,203.3607940673828,204.8450305353293,201.79792046889293,203.9505650472087,12472900
2022-12-19,201.3260955810547,203.9308846905888,200.47092623310567,203.10521738777396,4893600
2022-12-20,201.8568878173828,203.00692769093854,200.07776591901455,200.40213844722234,5024900
2022-12-21,203.2821502685547,204.41254210972414,202.07313629791994,203.0462538831617,4086900
2022-12-22,201.56201171875,203.12488533772148,198.6819998925384,202.24024385488838,5690300
2022-12-23,202.31886291503906,202.72187255392086,200.04827031321415,200.64786526422185,3246000
2022-12-27,202.77101135253906,203.35095828192078,201.1098526858809,202.4073277685101,2904900
2022-12-28,201.49319458007812,204.97280108235083,201.30643328503422,203.1543532078156,3139200
2022-12-29,204.51083374023438,204.97281750757463,201.99450555978476,202.4368262948874,3675500
2022-12-30,204.2159423828125,204.49116483223486,202.1910850769914,202.7906800557684,4159400
2023-01-03,203.8522491455078,208.7079828425456,202.64323522855844,205.71000809047794,4202800
2023-01-04,208.98321533203125,209.56314727959978,206.04421453231328,206.04421453231328,6606200
2023-01-05,207.5087890625,210.5067637585228,206.86988306104325,210.15290420426277,5246000
2023-01-06,214.03553771972656,214.41888435152342,209.45502617164172,210.34950664533403,6829700
2023-01-09,214.87100219726562,218.41942135289761,214.62526684022325,215.332985868385,6294500
2023-01-10,217.31854248046875,218.59636948805712,214.4581789862474,215.25437423605464,10857000
2023-01-11,218.31134033203125,218.38996246314338,215.95227143919794,217.515145019157,5408200
2023-01-12,219.80538940429688,219.99215070262883,216.84674067374328,218.31132901463758,4264400
2023-01-13,219.25494384765625,219.942999945837,216.38475626774655,218.1245670433949,4283200
2023-01-17,219.1959686279297,220.572080817226,218.57671064349734,218.5865496581696,6101100
2023-01-18,215.71636962890625,221.15203546426517,215.6967065973728,220.25755501072547,6558000
2023-01-19,216.650146484375,217.74121218391136,213.78978302903676,214.37955394713654,4853100
2023-01-20,220.48361206054688,220.60156024455603,216.65014609527557,217.3676892121602,5211000
2023-01-23,220.3558349609375,222.34138114090612,219.34340633913376,220.76868362088487,5501500
2023-01-24,220.07080078125,226.07657473613688,212.934649952082,218.23270473400194,5274900
2023-01-25,221.0635528564453,221.13236596555058,217.39718500385803,217.83950571018391,4729600
2023-01-26,220.87681579589844,223.2063826122208,219.85454812227687,222.14480387353626,7043400
2023-01-27,227.4919891357422,228.86810127249242,223.37346174279315,224.1106678871588,11382600
2023-01-30,225.1919403076172,226.48941549961023,224.04188536672635,226.27316713452817,5677400
2023-01-31,226.28297424316406,226.86290614115669,224.55298756644396,224.90684711409148,11294200
2023-02-01,226.96121215820312,228.6911989939568,223.91410216081655,225.4573126920755,5792700
2023-02-02,225.64407348632812,230.303222115009,224.47437057121527,229.96902556740497,7190000
2023-02-03,226.20433044433594,226.92187353420502,223.756800728814,224.78889229552792,5243600
2023-02-06,225.52615356445312,226.3321579860969,224.15002613948735,224.79877128274975,3402400
2023-02-07,227.37403869628906,228.17021892454514,224.06151558815944,224.13032869356292,4042600
2023-02-08,226.27316284179688,227.90484956609734,226.06675349627042,226.41077407164755,4978600
2023-02-09,225.87921142578125,228.96183435680567,225.6625395229137,228.89290149382515,5238400
2023-02-10,223.76174926757812,226.43074509049598,222.73749433774805,225.49512457204165,4509700
2023-02-13,225.41632080078125,226.3519412668607,222.8458178196472,223.44658717624557,4946700
2023-02-14,225.91860961914062,227.91788815337299,223.73220397605016,225.20950427392881,4829400
2023-02-15,225.45570373535156,225.6034427705579,223.3677909497317,224.14582910146987,4407300
2023-02-16,222.4124755859375,224.90418743631326,222.2548932881736,222.64884903258334,3865900
2023-02-17,220.1768035888672,221.368498943536,218.3843539561086,220.7874161520887,4520200
2023-02-21,217.2812957763672,219.07376045989994,216.66083994796065,216.828265490729,7276100
2023-02-22,216.69039916992188,218.39421453890293,216.1290178763292,217.07449662368927,4621800
2023-02-23,217.78359985351562,218.72906356399818,215.61688087558744,218.20708536328132,5533800
2023-02-24,216.2274932861328,216.90705373337823,214.16912542989212,215.1736786730714,4414400
2023-02-27,217.01541137695312,218.08891261187293,216.0206862636764,217.38965055232072,4255300
2023-02-28,216.6116180419922,218.41392618623334,216.17827422223468,216.67070764870903,5385400
2023-03-01,215.05552673339844,216.93662603029128,213.15472589163025,216.13888628340885,4792700
2023-03-02,215.7449188232422,216.27675531090063,213.80473002483504,214.59262647048195,5539300
2023-03-03,220.38363647460938,220.62985316168405,216.57219193973904,216.86765496980345,6055400
2023-03-06,223.3185272216797,223.97838611618945,220.30483748369912,220.54119587703192,5737600
2023-03-07,219.79270935058594,223.9390049531182,219.70407495035784,223.31853409577369,4386800
2023-03-08,218.82754516601562,219.55633694177433,217.83282013258975,218.6010300217561,4194900
2023-03-09,216.68055725097656,220.97457745666418,216.33586285907822,218.04952161553948,5066700
2023-03-10,212.8690948486328,215.80399350212292,212.21907919883756,215.7153591029346,6638900
2023-03-13,211.22438049316406,214.5532350339968,209.28419172529257,211.38196278538828,6810800
2023-03-14,215.3509979248047,216.54267844692808,212.77063645224305,214.70098217025952,7985600
2023-03-15,213.09564208984375,213.6274786208369,210.43650451850596,211.16531141999153,8372200
2023-03-16,214.1593017578125,214.28733926215358,205.60080609791962,211.91380645574034,13674600
2023-03-17,214.10018920898438,215.35097423034472,211.6183207097151,211.6183207097151,18801200
2023-03-20,214.8486785888672,217.21236783955933,213.55850553228638,213.7160878212407,9817400
2023-03-21,218.5911865234375,219.14270953522552,215.37066783146997,217.99041716533804,8971400
2023-03-22,216.71006774902344,221.49652063788542,216.59188855083812,219.13284650693757,6700600
2023-03-23,219.22149658203125,221.84124586688282,216.9267551433041,217.1040389811332,6427700
2023-03-24,217.69496154785156,217.98058134948445,214.9471896532098,217.33056562288084,4791500
2023-03-27,218.4533233642578,220.6889754215514,218.03968107210292,219.22151833938491,7210900
2023-03-28,216.99569702148438,219.95029732854385,215.34111303503641,219.4480206863785,6418400
2023-03-29,219.92076110839844,220.16697781026008,217.57677329775558,218.92603601503745,4483000
2023-03-30,218.99497985839844,220.84653423110538,217.86238906191258,220.53136964516608,5383900
2023-03-31,222.048095703125,222.4223349024897,219.91092132660623,220.21624268602045,9509000
2023-04-03,225.5345001220703,225.6920824188019,220.72834526688086,221.82154803015962,6421500
2023-04-04,224.2147674560547,226.56859838265643,223.39732625187096,225.53448529168307,5254700
2023-04-05,224.717041015625,225.01250404156042,223.12156171459705,223.34807685573557,4813600
2023-04-06,222.57005310058594,223.2988449133006,221.27986497173012,222.7374786529089,4285200
2023-04-10,223.0033721923828,223.05261853572333,220.92531776542927,222.1465429241793,4952200
2023-04-11,224.99281311035156,225.67237359369082,222.77686285313627,223.5647592834988,4513300
2023-04-12,224.3625030517578,228.08529834935007,223.88977119609325,226.4504158564948,4373000
2023-04-13,229.1686553955078,229.31637940261686,225.33752418977602,225.98753987680496,7615500
2023-04-14,230.47853088378906,231.4338528743094,228.72546919616667,229.4641192902056,9781300
2023-04-17,229.94667053222656,230.50805175880512,227.44511575233858,230.47850696034027,4865000
2023-04-18,230.06488037109375,230.78382889566385,228.1837812591493,230.2126043734458,4796200
2023-04-19,229.05047607421875,230.5179179703432,228.34137078470408,230.4588283675294,3833900
2023-04-20,231.04974365234375,231.1186765097798,227.99665074141714,228.94212942587066,4925700
2023-04-21,230.50808715820312,232.00508896443588,229.84822817803072,231.44370765164533,6771500
2023-04-24,229.2375946044922,231.59142569282005,228.0065110849091,230.6853500257519,9124100
2023-04-25,226.1155548095703,231.46338910692685,225.95797252198588,229.4936555957438,6076500
2023-04-26,224.69737243652344,229.24746763653653,223.28902001290996,227.72092096848536,8400400
2023-04-27,225.54434204101562,226.15496968025633,223.18066771557537,225.2094909333553,7128200
2023-04-28,229.2080535888672,230.03535314887935,224.60872728706693,225.18979511121964,11627900
2023-05-01,228.99136352539062,231.03988817672348,228.00649677155025,229.34591615788813,4571100
2023-05-02,223.54507446289062,228.85350620839225,222.78673780487296,228.43986393278018,5244000
2023-05-03,222.56019592285156,225.2094900272472,222.50110631913452,223.5450627258016,4093300
2023-05-04,222.1859588623047,222.6389891803451,220.09803100130873,221.43745046712925,5648700
2023-05-05,228.2724151611328,228.8239381392059,223.85035802328946,224.8844711211135,6237000
2023-05-08,228.71559143066406,229.91713001686213,227.75042626446137,227.75042626446137,2938400
2023-05-09,229.7300262451172,230.54746749917715,227.32696385679165,227.5830238168602,4352100
2023-05-10,227.7701416015625,231.25656334738102,225.43599714287433,230.7542867058275,5245000
2023-05-11,227.95765686035156,228.46092786122736,225.25387014765204,227.70109766384834,3818000
2023-05-12,228.32276916503906,229.65492251239306,226.78338393315948,228.93457225535687,3430300
2023-05-15,229.7338409423828,229.7535808951164,227.50370811299933,228.1352510859239,2843200
2023-05-16,227.42477416992188,230.02002849096752,226.59587680177637,229.4871551420362,4289700
2023-05-17,229.57595825195312,230.79957938584187,227.50371486856005,229.65490300805942,4990100
2023-05-18,230.51341247558594,231.05613319332838,228.07604776956433,229.32925621861838,6621900
2023-05-19,230.2272491455078,231.2436384475616,228.8753559112985,230.9081345154061,5399100
2023-05-22,228.2240753173828,230.7798498003054,228.12539060352336,230.22725153990845,3987800
2023-05-23,221.61260986328125,226.4577372883709,220.70476769733992,226.24064295986605,8537200
2023-05-24,219.31336975097656,220.15214456704365,217.12270181593186,219.60940880706917,6730800
2023-05-25,220.42845153808594,221.72113990341649,217.57663814171497,219.51073193716186,6827600
2023-05-26,222.03692626953125,223.221082655647,220.38899386936805,220.86266244668388,5067300
2023-05-30,218.71144104003906,222.4908365551208,216.84641445994012,222.03690797023071,6916000
2023-05-31,218.1094970703125,218.60289049716604,213.28410995797154,217.05364296657555,20460600
2023-06-01,223.50723266601562,223.71446454000122,219.49100275887852,219.7870418400695,7003600
2023-06-02,225.7669677734375,227.22742322367563,224.41507454144192,225.78670772740642,5895500
2023-06-05,223.77366638183594,225.31305151503818,222.3329509029421,224.89860282972782,4858900
2023-06-06,225.20449829101562,226.22088755177805,223.17171976949075,223.6947156004783,6020100
2023-06-07,222.29348754882812,224.54336045975492,218.09964325458353,224.00062465730042,8517200
2023-06-08,220.1028289794922,222.1652100610103,219.47128594304542,222.1158677027995,6248200
2023-06-09,220.60606384277344,222.20465370746325,219.81663135826,220.685008596942,6385000
2023-06-12,223.1815643310547,223.45786342501137,220.67513253382734,221.44482501801681,8621100
2023-06-13,220.44818115234375,224.1486319218471,219.6883661021701,222.63884921246355,6868700
2023-06-14,220.4876708984375,222.49084713314602,219.6390335484743,220.78370998464297,9160700
2023-06-15,223.1815643310547,224.1091463138398,218.4449847733853,219.08640521499078,12534000
2023-06-16,225.88536071777344,226.7636003313907,223.0927523816898,223.4578586643889,13628500
2023-06-20,223.4776153564453,226.53666056274156,223.19143874275343,224.0006111735543,12312300
2023-06-21,224.24729919433594,225.60906978991656,222.00728895337238,223.13222529753895,7032100
2023-06-22,225.37225341796875,225.90511170445922,222.5204399560736,223.36907726950122,6275500
2023-06-23,226.5169219970703,226.9412331105722,223.3986719708262,224.21770685439378,5422500
2023-06-26,223.3098602294922,227.05965315444234,223.2111755246888,226.40837023995257,5165400
2023-06-27,224.3361053466797,225.58932878666812,223.52694800816954,224.47425489506784,4628500
2023-06-28,224.94793701171875,225.0466066624419,223.03356811305576,224.4940084354407,5324500
2023-06-29,231.22390747070312,231.59887624382822,225.57948534861714,225.76696220659332,7118900
2023-06-30,234.34214782714844,235.1315803553193,232.8323650809642,233.1481441151018,6879100
2023-07-03,234.82568359375,235.24999474016627,232.2995114980598,233.86849908070238,3087400
2023-07-05,236.2861328125,236.8288686479196,230.89828448277723,231.31273319605023,7601200
2023-07-06,235.72366333007812,236.43415111422536,233.5625975747281,235.121722708986,6441800
2023-07-07,233.3257598876953,235.28947124259471,233.00999590889197,233.60205901558817,5729200
2023-07-10,235.01316833496094,235.9407504167571,233.37509849081763,233.87835438199147,4858900
2023-07-11,237.37156677246094,237.51957876898186,234.97366702862118,235.6545523269605,3857100
2023-07-12,239.00962829589844,240.72662762552463,238.04256642778626,238.35834541913007,6116000
2023-07-13,240.09510803222656,241.04243004114687,239.9372185212111,240.56876150810047,5819600
2023-07-14,239.9470977783203,241.50622283234364,238.76295655140345,241.49634532710024,4940600
2023-07-17,240.76612854003906,242.12788415183135,239.78920413962888,239.89775129523002,4328100
2023-07-18,237.58868408203125,239.96682904709044,234.53950114385032,239.88789934608283,7674700
2023-07-19,238.23008728027344,239.38462612552084,236.94726132205204,238.06233531716975,4835500
2023-07-20,236.45387268066406,238.41758403657286,235.91115193020684,237.97353294202915,4695000
2023-07-21,236.0887451171875,237.1742166348479,235.57561175818697,236.57227607635838,5426800
2023-07-24,237.55906677246094,238.09192503527572,235.04275734561034,236.51306008508692,6010000
2023-07-25,235.53614807128906,237.61826886020765,235.40786096661392,236.8485763465005,4997500
2023-07-26,233.96717834472656,235.69405540741425,224.67163256268972,228.36222096295884,7551400
2023-07-27,231.3423309326172,235.50657299356814,229.88189048809545,234.28295177632506,8160100
2023-07-28,232.635009765625,232.76329687986748,230.6219711313034,231.48047090896176,6794800
2023-07-31,234.58885192871094,235.26973731745682,232.8817147610895,232.8817147610895,4799600
2023-08-01,236.61175537109375,237.54919988967373,233.86848906678296,234.00663862681398,4627300
2023-08-02,234.4210968017578,235.6348404895606,233.66126666222513,235.47696602682552,4868200
2023-08-03,235.60525512695312,235.8914317846317,232.14163823005458,232.88172846883265,5033800
2023-08-04,235.8321990966797,238.71361494551252,234.69738516372965,234.8552746763932,5167700
2023-08-07,238.31887817382812,238.98002353275052,236.04928054598216,236.0591429935463,5649800
2023-08-08,236.12823486328125,238.1708910099483,234.2533457429017,237.2433088983511,5080600
2023-08-09,236.592041015625,238.77284686760862,236.3256193720651,237.32226880175162,4055000
2023-08-10,237.432373046875,241.17932127320955,237.36316083473952,237.8871401233868,4778000
2023-08-11,237.31373596191406,237.9860206975842,235.71213996019466,237.2741969000451,3606800
2023-08-14,240.1412353515625,240.56635943230947,237.5312199926172,237.9860021388249,4351100
2023-08-15,237.1061248779297,239.91386586614482,236.6315807172916,239.26135821683815,3770100
2023-08-16,236.57225036621094,238.33204784411842,233.33940034597578,233.8436025756625,3218600
2023-08-17,234.67405700683594,237.6498804801468,233.80406189607416,237.27419151622368,4177600
2023-08-18,235.46498107910156,236.33499130152254,232.62758194755224,232.90440063914306,4344800
2023-08-21,236.74032592773438,237.79816549679694,235.0596217070308,236.66123272207298,3573600
2023-08-22,237.83770751953125,238.6879254947103,235.95927792316294,237.27417411497504,3848700
2023-08-23,239.54808044433594,239.78534498930432,237.98602348618212,238.57921501957782,4947700
2023-08-24,236.75021362304688,240.7937577069702,236.64146234786983,239.4986384842626,4570700
2023-08-25,239.81500244140625,240.64545846539755,237.4818056938928,238.63851553134205,3541500
2023-08-28,241.06068420410156,242.4447775643679,239.84465824576142,240.249990174884,3741500
2023-08-29,242.55352783203125,243.0379680488654,240.6355591225275,240.73442939877484,3975600
2023-08-30,243.4334259033203,245.4107108005892,243.25547750359968,243.62127038223872,4573300
2023-08-31,242.88966369628906,245.20309843540926,242.66228016250955,242.8006894985692,5532600
2023-09-01,245.29208374023438,246.04344658636845,243.96730645146368,244.65935316309861,4111800
2023-09-05,242.55352783203125,245.86548597499734,242.41511849657664,245.5293511725342,4459600
2023-09-06,243.36424255371094,243.85856380601268,241.43639268683162,242.63264166952888,4520300
2023-09-07,244.33309936523438,244.59014097658846,242.32615635852488,242.71172631829944,4007900
2023-09-08,244.48138427734375,245.32173639216322,243.64104724801086,244.9757055012407,3309100
2023-09-11,244.41220092773438,245.53925277833082,243.47299356648523,244.52095220654135,2995800
2023-09-12,244.49130249023438,244.946069609517,243.21594516925015,244.13539057338855,3499600
2023-09-13,245.0152587890625,247.21992721598667,243.80911380013853,244.34297408246374,5657000
2023-09-14,238.7571563720703,242.7512653110323,236.038389581084,242.21740501514378,12000000
2023-09-15,238.33204650878906,241.32763197379356,237.3038498963233,239.15260648030323,13051300
2023-09-18,241.88125610351562,242.44477443381686,238.0354377248421,238.2035051245981,4771600
2023-09-19,240.7937469482422,242.3360267196711,238.71760690419794,242.21739445586465,4709000
2023-09-20,239.11306762695312,241.75274120308697,238.92522314458066,240.86296901714948,5756600
2023-09-21,233.92269897460938,238.0453363267188,233.586564150233,238.03545533264437,6881500
2023-09-22,232.41006469726562,235.08927723979565,232.21233922798632,234.06109574825152,5935500
2023-09-25,230.70957946777344,232.79561543031087,229.5726467991306,232.70664123930095,5921600
2023-09-26,227.04173278808594,230.02743721338638,226.99231273393607,229.2958363690319,6193200
2023-09-27,226.89344787597656,228.06003875474087,225.33139095615803,227.64481072574915,6006700
2023-09-28,229.0289306640625,229.898925826799,227.0615266110964,228.05016913481023,4203900
2023-09-29,227.39764404296875,230.38334845998662,227.04173215825477,230.1955039811811,6044200
2023-10-02,228.64334106445312,228.74219625704959,226.17173496724513,226.63639812035916,5175200
2023-10-03,226.21128845214844,229.11789982149065,225.19298788200302,227.85243862586358,5585700
2023-10-04,228.59393310546875,229.0684773086203,226.28051314393076,226.87368962649813,5430900
2023-10-05,230.82823181152344,231.53017457893517,227.60526289984693,227.7931073764284,6126200
2023-10-06,232.3705291748047,233.9029280841301,230.10654446196637,230.52177250637607,6401000
2023-10-09,231.77734375,232.4990485312484,229.0684579435997,230.15597069793589,5372200
2023-10-10,233.91281127929688,235.51440723172587,231.6191535388185,232.23210703459023,4644000
2023-10-11,233.0032501220703,235.80111012283106,232.22222920827224,234.85202179936726,4760900
2023-10-12,234.09075927734375,235.0299665924534,232.22222564089876,234.02156214995,4472800
2023-10-13,234.9706573486328,235.9395227589612,233.547009758076,233.7051961760239,4966800
2023-10-16,237.34341430664062,237.97614490879445,235.62317091071264,236.28555958128874,6227300
2023-10-17,238.46055603027344,238.73737470955916,235.58360287896127,236.9083952275276,4527600
2023-10-18,234.7729034423828,238.09474238964114,234.29835933148456,237.23462836010958,9528300
2023-10-19,231.1544952392578,235.21781642500298,230.75904428247202,234.7729303272472,5927400
2023-10-20,230.7293701171875,233.09222487002265,229.99776930414126,231.47085192354353,5748300
2023-10-23,228.900390625,231.79712091607908,228.6532300066872,228.73232321480575,5071700
2023-10-24,231.98495483398438,233.84360754726475,230.24494947793687,230.24494947793687,6844100
2023-10-25,234.15997314453125,235.77145009936137,228.66310838433952,229.6122117854155,10365300
2023-10-26,228.65322875976562,232.93405245585677,227.74367949959307,231.90587092689685,6414500
2023-10-27,226.6660614013672,228.7619785926626,225.44013931817332,228.5444760442655,5540900
2023-10-30,230.4327850341797,230.72938078753572,227.41742253178563,229.55289385336505,5170300
2023-10-31,232.4298553466797,233.04280886289564,230.34381909013666,230.9172335443817,4828400
2023-11-01,235.87030029296875,236.32506733886015,233.0032283462132,233.4580104775901,4996200
2023-11-02,240.48727416992188,240.48727416992188,236.48326926017018,237.18521203205205,6286700
2023-11-03,240.83331298828125,242.53377925243151,239.50852060656862,242.3360386890057,5029800
2023-11-06,240.72454833984375,241.99989042436502,239.85453818265952,241.22875054340125,5254100
2023-11-07,241.9900360107422,242.28663178649498,240.6158234990591,240.64548156808561,4219700
2023-11-08,241.65316772460938,242.48539179447386,240.5534376617158,241.23705568967713,5117500
2023-11-09,239.4041748046875,242.21789348304537,238.7403759337963,242.0692874364294,4866600
2023-11-10,242.9807586669922,243.00057784456257,239.73110895518641,241.72250544932498,4094400
2023-11-13,242.4061279296875,243.40677721020657,241.85131188830653,242.7330763364163,4088500
2023-11-14,244.65513610839844,245.63596624180084,243.30771920087645,243.89225646872694,14092000
2023-11-15,245.81430053710938,245.9431025171035,243.06992642464007,244.52632608997772,13258900
2023-11-16,246.27005004882812,247.14189734482161,244.98207560627023,246.28985410906208,7051600
2023-11-17,247.25086975097656,247.9245857106852,246.35920331463558,247.14188695385909,7238200
2023-11-20,247.65708923339844,248.60819811963503,243.32752862451852,247.30041962165893,8604200
2023-11-21,249.8961639404297,250.9958939455716,247.71652310722664,247.71652310722664,7213700
2023-11-22,251.37240600585938,252.18481093018963,250.3222162873426,250.65906674090382,5701400
2023-11-24,251.947021484375,252.3433143259864,251.15442068354932,251.83803868529142,1640900
2023-11-27,251.7884979248047,252.62072196150794,250.18349226579085,251.94702110825372,5478900
2023-11-28,250.599609375,251.7984050698799,249.28191373131648,251.5011929918787,5234900
2023-11-29,251.87765502929688,253.70064135658723,251.1742329870467,251.57052581781278,4955100
2023-11-30,254.3050079345703,254.39417156272373,250.82749037815256,251.8974992688051,6874700
2023-12-01,254.0771484375,254.53288371396204,251.5507247682973,253.42323649616893,3939400
2023-12-04,252.08572387695312,255.00844025613793,251.9965602558018,253.5421234928362,5247500
2023-12-05,252.25416564941406,252.46222923002892,249.80701865759173,251.8380536057881,4199100
2023-12-06,251.93711853027344,254.4536099632434,251.184156041751,253.43315659448493,3874000
2023-12-07,253.45294189453125,253.7699882373853,251.1544012616445,252.53153918851314,3589300
2023-12-08,253.3737030029297,253.6709301965769,251.5209953958371,252.64054460761363,3732300
2023-12-11,254.146484375,255.2462295910639,252.64055937633353,252.64055937633353,6479300
2023-12-12,257.15838623046875,257.3169094386905,254.02762089731308,254.91928748775118,5946600
2023-12-13,259.9522705078125,260.0513512806981,256.2964107053426,256.7521459783683,4859900
2023-12-14,256.3360290527344,260.8141954266687,254.0275711890383,260.7547530146186,8168700
2023-12-15,255.6425018310547,255.9793522548153,252.0956249989799,252.15506741286674,13373600
2023-12-18,255.9793701171875,257.18808300924036,255.5632731909441,256.30633365158627,6041100
2023-12-19,257.5843811035156,257.9311487058962,254.82021790316358,256.2171449905459,8731200
2023-12-20,254.7310028076172,258.40669675719596,254.70128160047366,258.08965039086144,7240900
2023-12-21,257.1385498046875,257.58436792619153,254.66168167897632,255.1273340960183,6246700
2023-12-22,256.038818359375,258.7930946533989,255.83076989152082,257.5942988821518,5111500
2023-12-26,256.7620849609375,257.3367051162082,256.13790929740645,256.13790929740645,2085100
2023-12-27,256.5341796875,257.36640375414606,255.91992122653792,256.85122606580524,4034700
2023-12-28,257.9905700683594,258.55530324026876,256.1477947518624,256.1477947518624,3020500
2023-12-29,257.9410705566406,259.0407855678643,257.26736963614997,258.1590361762357,4074600
